exerciseId,exerciseNumber,title,section,fen,expectedMove,bestMove,evaluationType,evaluationValue,classification,solutionRawMovesJson,solutionMovesJson,normalizationStatus,normalizationIssuesJson,sourceType,importedTitle,importedMovePosition,verificationStatus,verificationReasonsJson,verificationDeveloperNotes,verificationLastVerifiedAt,joinMissing
exercise-0026,26,"Jose Raul Capablanca – C.E. Watson, Schenectady 1909",easy,r5k1/1b1n2r1/p3n2q/1p1pPRN1/2pP3P/2P3P1/PPBQ4/5R1K w - - 0 1,f5f6,h1g2,cp,225,engine_suspicious,"[""Rf6"",""Nxf6"",""Rxf6""]","[""f5f6"",""d7f6"",""f1f6""]",normalized,,csv,"Jose Raul Capablanca – C.E. Watson, Schenectady 1909",,certified,,"White has a minor piece less, but can more than make up for it with the following double threat: £h5 32.¥d1 Not necessary, but a luxury White can afford. 32.¤xe6 and 32.¦xe6 are also winning. 32...£e8 33.¦xe6+– Black is an exchange up, but since he has no chance against all the pawns and an invasion on the kingside, he resigned now.",2026-03-22T07:58:17.504Z,no
exercise-0034,34,"Jose Raul Capablanca – F.S. Dunkelsbuhler, London (simul) 1913",easy,r1bq2k1/pp3rpp/2n2b2/3p1p2/3P4/BQPB1N2/P4PPP/R3R1K1 w - - 0 1,b3d5,e1e2,cp,295,engine_suspicious,"[""Qxd5""]","[""b3d5""]",normalized,,csv,"Jose Raul Capablanca – F.S. Dunkelsbuhler, London (simul) 1913",,certified,,"Black resigned, as he is mated after: 15...£xd5 16.¦e8† ¦f8 17.¦xf8 mate ✓",2026-03-22T07:58:17.504Z,no
exercise-0038,38,"Jose Raul Capablanca – J. Birch, Glasgow 1919",easy,3r2k1/2p2pp1/p1Q2n1p/7q/8/1P1N2P1/P1P2P2/R3K3 b Q - 0 1,d8d3,d8d6,cp,129,engine_suspicious,"[""Rxd3"",""Qh1+"",""Qxh1""]","[""d8d3"",""c6h1"",""h5h1""]",normalized,,csv,"Jose Raul Capablanca – J. Birch, Glasgow 1919",,certified,,would be a terrible blunder. The game move wins a piece after: 32.cxd3 £e5† 33.¢d2 £xa1–+ ✓,2026-03-22T07:58:17.504Z,no
exercise-0041,41,"Jose Raul Capablanca – W. Malowan, New York (simul) 1922",easy,3k4/p1p2prr/1p5N/3PRPP1/b1P5/4B3/P4K2/8 w - - 0 1,h6f7,f5f6,cp,340,engine_suspicious,"[""Nxf7+""]","[""h6f7""]",normalized,,csv,"Jose Raul Capablanca – W. Malowan, New York (simul) 1922",,certified,,"looks like a combination and was played in the game, but Black had 36...¦xf7 37.g6 ¦xf5†! 38.¦xf5 ¦g7 when he collects the g-pawn with a draw. Instead normal moves give two points. A good choice is 36.f6 ¦g6 37.¥f4!+– when Black’s rooks are trapped and he can’t sacrifice the exchange in a good way.",2026-03-22T07:58:17.504Z,no
exercise-0114,114,"Tigran Petrosian – Gedeon Barcza, Saltsjobaden 1952",easy,r4rk1/2n1q2p/b1n1p1p1/pp1pPpN1/P1pP1N1P/2P3P1/1P3PB1/R2QR1K1 w - - 0 1,f4e6,g5e6,cp,386,engine_suspicious,"[""Nfxe6""]","[""f4e6""]",normalized,,csv,"Tigran Petrosian – Gedeon Barcza, Saltsjobaden 1952",,certified,,"There are a few alternatives with the same idea: 24.¤gxe6+– or 24.axb5 ¥xb5 25.¤gxe6+–. 24...¤xe6 25.¥xd5+– ✓ Since the c6-knight cannot retreat on account of the a8-rook, White is regaining at least the piece, with a winning position (1–0, 30 moves).",2026-03-22T07:58:17.504Z,no
exercise-0128,128,"Robert Hartoch – Boris Spassky, Amsterdam 1970",easy,3Rb3/6kp/6p1/3P1p2/3q4/Q5PP/P1r1r1B1/6RK b - - 0 1,d4g1,d4e4,cp,278,engine_suspicious,"[""Qxg1+"",""Kxg1"",""Rxg2+"",""Kh1"",""Rh2+"",""Kg1"",""Rcg2+"",""Kf1"",""Bb5+"",""Ke1"",""Rh1#""]","[""d4g1"",""h1g1"",""e2g2"",""g1h1"",""g2h2"",""h1g1"",""c2g2"",""g1f1"",""e8b5"",""f1e1"",""h2h1""]",normalized,,csv,"Robert Hartoch – Boris Spassky, Amsterdam 1970",,certified,,"Black is winning with many moves, but only one is a forced mate: Or 37...¦g1 mate.",2026-03-22T07:58:17.504Z,no
exercise-0129,129,"Boris Spassky – Lajos Portisch, Geneva 1977",easy,2r2nk1/p2q1pp1/1p2b2p/3p4/3P1P2/4R1P1/PP1Q3P/1B2R1K1 w - - 0 1,f4f5,e3e5,cp,303,engine_suspicious,"[""f5"",""Bxf5"",""Re7""]","[""f4f5"",""e6f5"",""e3e7""]",normalized,,csv,"Boris Spassky – Lajos Portisch, Geneva 1977",,certified,,The queen can no longer defend the bishop.,2026-03-22T07:58:17.504Z,no
exercise-0139,139,"Mario Bertok – Robert Fischer, Stockholm 1962",easy,rr4k1/1q3p2/4b2p/p2n2p1/2B5/Q3P3/PP1R1PPP/3R2K1 b - - 0 1,d5e3,d5c7,cp,223,engine_suspicious,"[""Nxe3""]","[""d5e3""]",normalized,,csv,"Mario Bertok – Robert Fischer, Stockholm 1962",,certified,,"Black is a piece up, but there is still work to be done. Fischer decided the game on the spot. 25.£xe3 25.¥xe6 £xg2 mate ✓ 25...¥xc4–+ ✓ (0–1, 31 moves)",2026-03-22T07:58:17.504Z,no
exercise-0151,151,"Anatoly Karpov – Mark Taimanov, Leningrad 1977",easy,8/6k1/1P1p2p1/3Ppn2/3q4/8/6PP/rR2QB1K b - - 0 1,f5g3,a1b1,cp,-74,engine_suspicious,"[""Ng3+""]","[""f5g3""]",normalized,,csv,"Anatoly Karpov – Mark Taimanov, Leningrad 1977",,certified,,White resigned in view of 39.hxg3 ¦a8! ✓ with mate.,2026-03-22T07:58:17.504Z,no
exercise-0165,165,"Anatoly Karpov – Alexei Shirov, Tallinn (rapid) 2006",easy,2n2k2/2b2pp1/2p1pnp1/2Pp2N1/3P1PP1/3BP2P/3BK3/8 w - - 0 1,d3b5,d3g6,cp,280,engine_suspicious,"[""Bb5""]","[""d3b5""]",normalized,,csv,"Anatoly Karpov – Alexei Shirov, Tallinn (rapid) 2006",,certified,,The X-ray mate threat wins the bishop. Black resigned instead of allowing: 30...¥xb5 31.¦d8 mate ✓,2026-03-22T07:58:17.504Z,no
exercise-0183,183,"Roman Slobodjan – Alexander Khalifman, Germany 1999",easy,2k4r/pp3p2/1np3q1/2Q3p1/3R4/1P2P1P1/P4PB1/6K1 w - - 0 1,c5g5,g2h3,cp,504,engine_suspicious,"[""Qxg5""]","[""c5g5""]",normalized,,csv,"Roman Slobodjan – Alexander Khalifman, Germany 1999",,certified,,"Picking up this pawn increases the advantage considerably. 27.¥xg5 White tried to fight on with 27.¦ge1, but resigned a few moves later. 27...¤f2 mate ✓",2026-03-22T07:58:17.504Z,no
exercise-0270,270,"Emanuel Lasker – R. Lee, Hereford (simul) 1900",intermediate,6b1/1p4k1/p2p1p2/3P4/PP1K4/8/4B3/8 w - - 0 1,e2a6,e2g4,cp,11,engine_suspicious,"[""Bxa6"",""bxa6"",""b5"",""axb5"",""axb5""]","[""e2a6"",""b7a6"",""b4b5"",""a6b5"",""a4b5""]",normalized,,csv,"Emanuel Lasker – R. Lee, Hereford (simul) 1900",,certified,,White queens. But not 3.a5?? b4–+.,2026-03-22T07:58:17.504Z,no
exercise-0275,275,"Emanuel Lasker – Ferenc Chalupetzky, corr. 1903",intermediate,r1b1kb1r/pp2q2p/2p2p2/1B2p3/3PQ3/8/PPP3PP/R1B1K2R w KQkq - 0 1,b5c6,b5e2,cp,67,engine_suspicious,"[""Bxc6+"",""bxc6"",""Qxc6+"",""Kf7"",""Qxa8""]","[""b5c6"",""b7c6"",""e4c6"",""e8f7"",""c6a8""]",normalized,,csv,"Emanuel Lasker – Ferenc Chalupetzky, corr. 1903",,certified,,"wins an exchange, but White loses: 15...exd4† 16.¢f2 ¥b7 and 17...£e4–+. The exercise was a red herring! If he captures on c6, White has to limit the damage with 15.£d5†! ¢g6 16.0–0!µ with two pawns for the piece. But the best move is: 13.¥e2! ✓ To avoid the check on h5, Black should exchange queens with 13...exd4 14.£xd4 £b4† 15.£xb4 ¥xb4† 16.c3 when White has a slight advantage with fewer pawn islands. Other non-blundering 13th moves also give full points.",2026-03-22T07:58:17.504Z,no
exercise-0281,281,"Emanuel Lasker – H.P. Fortuin Harreman, Netherlands (simul) 1908",intermediate,3r1qk1/5ppp/1p1P4/nPn2N2/R3Q3/7P/5PP1/4R1K1 w - - 0 1,f5e7,e4g4,cp,284,engine_suspicious,"[""Ne7+"",""Kh8"",""Qxh7+"",""Kxh7"",""Rh4#""]","[""f5e7"",""g8h8"",""e4h7"",""h8h7"",""a4h4""]",normalized,,csv,"Emanuel Lasker – H.P. Fortuin Harreman, Netherlands (simul) 1908",,certified,,,2026-03-22T07:58:17.504Z,no
exercise-0283,283,"Coates/Wallwork – Emanuel Lasker, Manchester (simul) 1908",intermediate,7k/p1p3pp/1bB2q2/8/2Q2nb1/1PP5/P5PP/R6K b - - 0 1,f4h3,g4e6,cp,209,engine_suspicious,"[""Nh3"",""gxh3""]","[""f4h3"",""g2h3""]",normalized,,csv,"Coates/Wallwork – Emanuel Lasker, Manchester (simul) 1908",,certified,,Allowing the check on f2 is no alternative. 30...¥f3† Or with more flair: 30...£f3† 31.¥xf3 ¥xf3 mate 31.¥xf3 £xf3 mate ✓,2026-03-22T07:58:17.504Z,no
exercise-0288,288,"Vilhelm Nielsen – Emanuel Lasker, Copenhagen (simul) 1919",intermediate,r2qr1k1/pb1nbppp/4p3/2p5/2P5/2NBB3/PP2QPPP/3R1RK1 w - - 0 1,d3h7,e3f4,cp,88,engine_suspicious,"[""Bxh7+"",""Kxh7"",""Qd3+"",""Kg8"",""Qxd7""]","[""d3h7"",""g8h7"",""e2d3"",""h7g8"",""d3d7""]",normalized,,csv,"Vilhelm Nielsen – Emanuel Lasker, Copenhagen (simul) 1919",,certified,,"White can convert his positional advantage into a material advantage: (1–0, 41 moves)",2026-03-22T07:58:17.504Z,no
exercise-0290,290,"Emanuel Lasker – Vrbasic, Yugoslavia (simul) 1924",intermediate,8/1pK1Pk1p/6pP/P5P1/4b3/B7/8/8 w - - 0 1,a5a6,c7d8,cp,77,engine_suspicious,"[""a6"",""bxa6"",""Kd7""]","[""a5a6"",""b7a6"",""c7d7""]",normalized,,csv,"Emanuel Lasker – Vrbasic, Yugoslavia (simul) 1924",,certified,,1–0 Black cannot stop the pawn.,2026-03-22T07:58:17.504Z,no
exercise-0302,302,"Jose Raul Capablanca – Edward Adams, Washington DC 1907",intermediate,7k/5pp1/8/8/p6P/P1b1N1P1/3p1PK1/3Rr3 b - - 0 1,c3b4,e1d1,cp,269,engine_suspicious,"[""Bb4""]","[""c3b4""]",normalized,,csv,"Jose Raul Capablanca – Edward Adams, Washington DC 1907",,certified,,"The sacrifice could be postponed a move, but not longer – White’s king was on the way to defend with ¢g2-f3-e4-d3. 38.axb4 ¦xd1 39.¤xd1 a3 ✓ 0–1 One of the pawns will queen.",2026-03-22T07:58:17.504Z,no
exercise-0309,309,"Jose Raul Capablanca – William Morris, New York 1911",intermediate,2r3rk/3q1p1p/5p2/1p1p1b2/2pN3R/P1P1R3/1P3PPP/3Q2K1 w - - 0 1,e3e7,d1f3,cp,231,engine_suspicious,"[""Re7"",""Qxe7"",""Nxf5""]","[""e3e7"",""d7e7"",""d4f5""]",normalized,,csv,"Jose Raul Capablanca – William Morris, New York 1911",,certified,,"White not only threatens the queen, but also 28.¦xh7† ¢xh7 29.£h5 mate.",2026-03-22T07:58:17.504Z,no
exercise-0314,314,"Leopold Carranza – Jose Raul Capablanca, Buenos Aires 1911",intermediate,r2qk2r/pp3ppp/1npbp1b1/8/3P1Pn1/1B2B1N1/PPPQN1PP/R4RK1 b kq - 0 1,g6c2,b6d5,cp,121,engine_suspicious,"[""Bxc2""]","[""g6c2""]",normalized,,csv,"Leopold Carranza – Jose Raul Capablanca, Buenos Aires 1911",,certified,,Capturing a pawn that’s defended twice. 13.¥xc2 ¤c4µ ✓ Black wins back the piece with an extra pawn.,2026-03-22T07:58:17.504Z,no
exercise-0341,341,"Efim Bogoljubov – Jose Raul Capablanca, New York 1924",intermediate,2r3k1/q4ppp/p3p3/pnNp4/2rP4/2P2P2/4R1PP/2R1Q1K1 b - - 0 1,b5d4,a7e7,cp,258,engine_suspicious,"[""Nxd4"",""cxd4"",""R8xc5""]","[""b5d4"",""c3d4"",""c8c5""]",normalized,,csv,"Efim Bogoljubov – Jose Raul Capablanca, New York 1924",,certified,,"Black has two not-so-strong pawns extra, but can increase his lead with: 0–1 33.¦xc4 ¦xc4–+ ✓ moves the rook away from the threat, and White loses the rook on c1 after 33.dxc5 £xc5† 34.¢f1 ¦xc1–+ ✓ .",2026-03-22T07:58:17.504Z,no
exercise-0344,344,"Jose Raul Capablanca – C.H. Reid, London 1928",intermediate,2k4r/pppqb3/2n2p2/3bp2p/Q4PrN/P2PB1P1/1P2P1BK/2R2R2 b - - 0 1,g4h4,d5g2,cp,250,engine_suspicious,"[""Rxh4+""]","[""g4h4""]",normalized,,csv,"Jose Raul Capablanca – C.H. Reid, London 1928",,certified,,"The move order 17...¥xg2 works as well, as 18.¤xg2 loses to 18...h4. But 17...¦hg8 18.¥h3! is not as clear, although probably still winning after 18...f5. 18.gxh4 ¥xg2 19.¢xg2 19.fxe5 was the hopeless game continuation: 19...£h3† 20.¢g1 ¥xf1 and White resigned. 19...£g4† 20.¢f2 £xh4† ✓ 20...¤d4 21.¥xd4 £xf4† also wins. 21.¢f3 White has to give up several pieces to avoid mate after for example: 21...¤d4† 22.¢e4 f5† 23.¢d5 £f6–+",2026-03-22T07:58:17.504Z,no
exercise-0377,377,"Alexander Alekhine – N.N., Berlin 1922",intermediate,2rq1bk1/3b1ppp/p1p5/3p4/3Nr3/1P2PQ2/PB3PPP/2RR2K1 w - - 0 1,d4c6,d4f5,cp,7,engine_suspicious,"[""Nxc6""]","[""d4c6""]",normalized,,csv,"Alexander Alekhine – N.N., Berlin 1922",,certified,,White won a pawn due to: 18...¥xc6 19.¦xc6 ¦xc6 20.£xe4 dxe4 21.¦xd8+– ✓,2026-03-22T07:58:17.504Z,no
exercise-0385,385,"Alexander Alekhine – John Drewitt, Portsmouth 1923",intermediate,3r2k1/pp2qppp/2b1p3/3p4/5P2/b2BPR2/1B1N2PP/3Q2K1 w - - 0 1,d3h7,b2d4,cp,189,engine_suspicious,"[""Bxh7+"",""Kxh7"",""Rh3+"",""Kg8"",""Qh5""]","[""d3h7"",""g8h7"",""f3h3"",""h7g8"",""d1h5""]",normalized,,csv,"Alexander Alekhine – John Drewitt, Portsmouth 1923",,certified,,"Simplest and best. The game continued 22.¥xg7?! f6 23.¥h6, which is a more complicated way to win. 23...£h7 24.£h5 ¥f8 25.£g4† ¢f7 26.¥xf8+– wins back the sacrificed piece, keeping the g- and h-pawns. 22...f6 23.¥xa3 £xa3 24.£h8† ¢f7 25.£xd8 £c1† 26.¤f1+– ✓",2026-03-22T07:58:17.504Z,no
exercise-0404,404,"Alexander Alekhine – Julio Menendez, Buenos Aires 1926",intermediate,2q1r1k1/5p1p/1p1P2p1/2p5/PpNbr2P/1P1Q2P1/3R4/5R1K b - - 0 1,e4e2,c8h3,cp,194,engine_suspicious,"[""Re2"",""Rxe2"",""Rxe2"",""Qxe2""]","[""e4e2"",""d2e2"",""e8e2"",""d3e2""]",normalized,,csv,"Alexander Alekhine – Julio Menendez, Buenos Aires 1926",,certified,,"Alekhine gave up a rook with 32.¦f5–+ (0–1, 37 moves). 32...£h3† 33.£h2 £xf1† 34.£g1 £xg1 mate ✓",2026-03-22T07:58:17.504Z,no
exercise-0407,407,"Alexander Alekhine – Rudolf Spielmann, Semmering 1926",intermediate,2r2rk1/1p4p1/pq2pnQp/3p4/4P3/2N4P/PP1R1PP1/3R2K1 b - - 0 1,c8c3,c8d8,cp,-29,engine_suspicious,"[""Rxc3"",""bxc3"",""Nxe4""]","[""c8c3"",""b2c3"",""f6e4""]",normalized,,csv,"Alexander Alekhine – Rudolf Spielmann, Semmering 1926",,certified,,"25.¦d4 25.¦c2 ¤xf2 26.¦d4 tries to hold onto the exchange, but Black has a winning attack after 26...£b1† ✓ (the positional 26...¤e4 is also winning) 27.¢h2 £h1† 28.¢g3 £e1 29.¢h2 ¤e4 and 30...¦f1. 25...¦xf2!–+ White cannot defend c3 in a good way. Spielmann played 25...¤xc3?!µ which wins back the exchange or the pawn on f2. Surprisingly, he agreed to a draw a few moves later.",2026-03-22T07:58:17.504Z,no
exercise-0425,425,"Alexander Alekhine – Efim Bogoljubov, Germany (16) 1934",intermediate,2k3r1/3r2N1/ppp4p/3bPN2/P1p1n3/6P1/1PP4K/3R1R2 w - - 0 1,e5e6,g7h5,cp,28,engine_suspicious,"[""e6"",""Rdxg7"",""Nxg7"",""Rxg7"",""Rxd5""]","[""e5e6"",""d7g7"",""f5g7"",""g8g7"",""d1d5""]",normalized,,csv,"Alexander Alekhine – Efim Bogoljubov, Germany (16) 1934",,certified,,"Or 32.¦f8† first. 32...cxd5 33.¦f8† ¢c7 34.¦f7†+– Black must give up the rook, as 34...¦xf7? 35.exf7 ✓ queens.",2026-03-22T07:58:17.504Z,no
exercise-0429,429,"Alexander Alekhine – C.H.O’D. Alexander, Nottingham 1936",intermediate,1r3rk1/pbpn2qp/1p1p1np1/3P1p2/1P5N/5PPB/PB5P/2QR1RK1 w - - 0 1,h3f5,c1c7,cp,150,engine_suspicious,"[""Bxf5"",""gxf5""]","[""h3f5"",""g6f5""]",normalized,,csv,"Alexander Alekhine – C.H.O’D. Alexander, Nottingham 1936",,certified,,"The game saw 22...¢h8+– (1–0, 27 moves). 23.¤xf5 £h8 The only square that doesn’t move into a fork. 24.¤h6† Other moves are also winning, thanks to this weak square. 24...¢g7 25.£g5 mate ✓",2026-03-22T07:58:17.504Z,no
exercise-0439,439,"Max Bluemich – Alexander Alekhine, Krakow/Warsaw 1941",intermediate,4r1k1/pp3pp1/2p3p1/5p1q/3P4/2PRNnPP/PP3PQ1/5K2 b - - 0 1,f5f4,g6g5,cp,129,engine_suspicious,"[""f4""]","[""f5f4""]",normalized,,csv,"Max Bluemich – Alexander Alekhine, Krakow/Warsaw 1941",,certified,,"Opening the fifth rank for the queen. 31.gxf4 31.¤c2 ¤h4! (31...¤h2† is also strong: 32.¢g1 £f5–+ picking up the rook, or 32...£e2–+, or even 32...£b5–+.) 32.gxh4 £e2†! 33.¢g1 £xd3–+ ✓ 31...£b5! 32.c4 32.¢e2 £xd3† (or 32...¤e1! 33.¢xe1 £xd3) 33.¢xd3 ¤e1† 34.¢d2 ¤xg2–+ ✓ 32...£xc4!–+ ✓ The knight is pinned.",2026-03-22T07:58:17.504Z,no
exercise-0440,440,"Herbert Weil – Alexander Alekhine, Lublin/Warsaw/Krakow 1942",intermediate,2r5/p3p1kp/q1n2pp1/8/1p6/1P2PP2/PN4PP/Q3K2R b - - 0 1,c6d4,c6e5,cp,276,engine_suspicious,"[""Nd4""]","[""c6d4""]",normalized,,csv,"Herbert Weil – Alexander Alekhine, Lublin/Warsaw/Krakow 1942",,certified,,"Opening up for the rook to enter on the second rank. 23.exd4 23.£d1 loses to 23...¦c1 and other moves. 23...¦c2! 24.¤c4 24.£d1 ¦xb2–+ ✓ , or 24...£e6† 25.¢f1 ¦xb2–+. 24...¦xa2 Or 24...£e6† 25.¤e5 ¦xg2–+ when Black wins back the piece and White’s king cannot escape. (Alekhine’s 25...fxe5 was even stronger, but only since White couldn’t castle – he had already moved his king.) 25.£d1 ¦a1–+ ✓ Or 25...£e6† 26.¢f1 £a6–+.",2026-03-22T07:58:17.504Z,no
exercise-0442,442,"Alexander Alekhine – Klaus Junge, Lublin/Warsaw/Krakow 1942",intermediate,3r1rk1/2q2p1p/1n5Q/1pp1pp2/8/1BP4P/1P3PP1/R2R2K1 w - - 0 1,b3f7,h6g5,cp,568,engine_suspicious,"[""Bxf7+""]","[""b3f7""]",normalized,,csv,"Alexander Alekhine – Klaus Junge, Lublin/Warsaw/Krakow 1942",,certified,,"Or 26.£g5† ¢h8 27.£f6† ¢g8 28.¦xd8 ¦xd8 29.¥xf7†+–. 26...£xf7 26...¦xf7 27.£g5†+– ✓ with a fork, while 26...¢xf7 27.£xh7† ✓ wins the queen. 27.¦xd8 ¦xd8 Instead the game ended: 27...¤a4 28.b3 1–0 28.£g5†+– ✓",2026-03-22T07:58:17.504Z,no
exercise-0468,468,"Max Euwe – Alexander Alekhine, Netherlands (14) 1935",intermediate,rnbq1rk1/pp2p1bp/2p2pp1/3p4/2PP4/2NBP1P1/PP3PP1/R2QK1NR w KQ - 0 1,h1h7,c4d5,cp,204,engine_suspicious,"[""Rxh7"",""Kxh7""]","[""h1h7"",""g8h7""]",normalized,,csv,"Max Euwe – Alexander Alekhine, Netherlands (14) 1935",,certified,,Alekhine played the unchallenging 10...f5+–. 11.£h5† ¢g8 12.¥xg6+– ✓ The only defence against mate is to give up a whole rook.,2026-03-22T07:58:17.504Z,no
exercise-0488,488,"Mikhail Botvinnik – Moisey Kagan, Leningrad 1926",intermediate,r1b4k/4q1pp/p1r5/2Np1p2/Pp1Pp3/4P1P1/1PR1QP1P/2R3K1 w - - 0 1,c5e4,a4a5,cp,179,engine_suspicious,"[""Nxe4"",""Rxc2"",""Qxc2""]","[""c5e4"",""c6c2"",""e2c2""]",normalized,,csv,"Mikhail Botvinnik – Moisey Kagan, Leningrad 1926",,certified,,"White has won a pawn, since 28...fxe4 is met by 29.£xc8† ¦xc8? 30.¦xc8† ✓ with back-rank mate.",2026-03-22T07:58:17.504Z,no
exercise-0495,495,"Mikhail Botvinnik – Mikhail Yudovich, Leningrad 1933",intermediate,r1b2r2/1p1nq1bk/1np1p1pp/p7/3PN2N/1P2B3/2Q1BPPP/2RR2K1 w - - 0 1,h4g6,e4g5,cp,347,engine_suspicious,"[""Nxg6""]","[""h4g6""]",normalized,,csv,"Mikhail Botvinnik – Mikhail Yudovich, Leningrad 1933",,certified,,There is a second solution: 22.¤g5†! hxg5 23.¤xg6 £e8 24.¤xf8†+– 22...¢xg6 23.¥h5†!! 1–0 Black resigned due to 23...¢xh5 24.¤g3†! ✓ ¢h4 25.£e4† ¦f4 26.£xf4 mate.,2026-03-22T07:58:17.504Z,no
exercise-0512,512,"Anatoly Karpov – Mikhail Botvinnik, Moscow (simul) 1964",intermediate,2r5/1q2bpk1/r3p1p1/3pNn2/ppPP1P1p/3Q3P/PP2R1P1/2R1B1K1 b - - 0 1,f5d4,d5c4,cp,170,engine_suspicious,"[""Nxd4"",""Qxd4""]","[""f5d4"",""d3d4""]",normalized,,csv,"Anatoly Karpov – Mikhail Botvinnik, Moscow (simul) 1964",,certified,,Karpov played the better 33.¦d2–+ and managed to draw after 42 moves. 33...¥c5–+ ✓,2026-03-22T07:58:17.504Z,no
exercise-0516,516,"Vassily Smyslov – Kirilov, Moscow 1940",intermediate,r3kb1r/3n1ppp/p1ppq3/1p4B1/4P3/1PN5/1PQ2PPP/R4RK1 w kq - 0 1,a1a6,c3d5,cp,121,engine_suspicious,"[""Rxa6"",""Rxa6""]","[""a1a6"",""a8a6""]",normalized,,csv,"Vassily Smyslov – Kirilov, Moscow 1940",,certified,,"Kirilov played 16...¦c8+– (1–0, 23 moves). 17.¤xb5 In a way it is a double threat with 18.¤c7, since it is both mate and a (triple) fork. 17...cxb5 18.£c8 mate ✓",2026-03-22T07:58:17.504Z,no
exercise-0531,531,"Vassily Smyslov – Wolfgang Unzicker, Hastings 1954",intermediate,2r3k1/pppqrpb1/3n1npp/3Pp3/P3P3/BP3NP1/2R1QPBP/2R3K1 w - - 0 1,g2h3,f3e1,cp,203,engine_suspicious,"[""Bh3"",""Qxh3"",""Bxd6""]","[""g2h3"",""d7h3"",""a3d6""]",normalized,,csv,"Vassily Smyslov – Wolfgang Unzicker, Hastings 1954",,certified,,White chooses between the c7- and e5-pawns.,2026-03-22T07:58:17.504Z,no
exercise-0569,569,"Mikhail Tal – Artur Darznieks, Riga 1953",intermediate,r3r1k1/p1qn1pbp/2p2np1/1p6/2BPp3/BPN1P2P/P3QPP1/2RR2K1 w - - 0 1,c3b5,c4f7,cp,207,engine_suspicious,"[""Nxb5"",""Qa5""]","[""c3b5"",""c7a5""]",normalized,,csv,"Mikhail Tal – Artur Darznieks, Riga 1953",,certified,,"White loses a piece on the queenside, but is compensated on f7 and e8. 16...cxb5? loses straight away: 17.¥xf7† ¢xf7 18.¦xc7+– ✓ 17.¤d6 Or 17.¥xf7† ¢xf7 18.¦xc6+–, or 17.b4+–. 17...£xa3 18.¥xf7† ¢h8 19.¤xe8 ¤xe8 20.¥xe8 ¦xe8 21.¦xc6+–",2026-03-22T07:58:17.504Z,no
exercise-0595,595,"Lajos Portisch – Mikhail Tal, Moscow 1967",intermediate,r2q1rk1/1p3pbp/p2p2p1/nPpPp2n/4P3/3Q2P1/PPNB1PBP/R4RK1 w - - 0 1,b5b6,b2b4,cp,227,engine_suspicious,"[""b6""]","[""b5b6""]",normalized,,csv,"Lajos Portisch – Mikhail Tal, Moscow 1967",,certified,,"The knight on a5 is trapped and is lost after 17.£c3 (1–0, 24 moves).",2026-03-22T07:58:17.504Z,no
exercise-0614,614,"Mikhail Tal – Rico Mascarinas, Lvov 1981",intermediate,4r1k1/4b1n1/1q3rP1/p2p1p2/1p3B2/5NN1/PPPQ1P2/1K5R w - - 0 1,f4c7,f4e5,cp,284,engine_suspicious,"[""Bc7""]","[""f4c7""]",normalized,,csv,"Mikhail Tal – Rico Mascarinas, Lvov 1981",,certified,,The bishop moves with tempo to clear the way for the queen. 28...£xc7 29.¦h8† Or 29.£h6+–. 29...¢xh8 30.£h6† ¢g8 31.£h7† ¢f8 32.£h8 mate ✓,2026-03-22T07:58:17.504Z,no
exercise-0616,616,"Mikhail Tal – David Bronstein, Tbilisi (simul match) 1982",intermediate,2b2k2/2p2r1p/p2pR3/1p3PQ1/3q3N/1P6/2P3PP/5K2 w - - 0 1,h4g6,g5d8,cp,377,engine_suspicious,"[""Ng6+""]","[""h4g6""]",normalized,,csv,"Mikhail Tal – David Bronstein, Tbilisi (simul match) 1982",,certified,,Preparing a square for the rook. 30...hxg6 31.£d8† ¢g7 32.¦xg6† ¢h7 33.£g8 mate ✓,2026-03-22T07:58:17.504Z,no
exercise-0620,620,"Mikhail Tal – Lembit Oll, Riga 1986",intermediate,r1bk1b1r/pp1np1p1/1q3nBp/4p3/2PN4/8/PP1B1PPP/R2Q1RK1 w - - 0 1,c4c5,d2a5,cp,182,engine_suspicious,"[""c5""]","[""c4c5""]",normalized,,csv,"Mikhail Tal – Lembit Oll, Riga 1986",,certified,,"The move ¤e6 would be mate if it were not for the queen, so White starts harassing Her Majesty. 14...¤xc5 The alternatives lead to mate: 14...£xc5 15.¤e6 mate ✓ or 14...£a6 15.¥a5† £xa5 16.¤e6 mate ✓ . 15.¥a5! ✓ Only like so. 15...exd4+– Or 15...£xa5 16.¤e6 mate. In the game, Black had three pieces for the queen, but no development and the king in the centre (1–0, 22 moves).",2026-03-22T07:58:17.504Z,no
exercise-0631,631,"Nersesov – Tigran Petrosian, Tbilisi 1945",intermediate,r3r1k1/3q1ppp/5n2/2Rp4/p4P2/P2QPNPP/P3K3/7R b - - 0 1,a8b8,f6e4,cp,309,engine_suspicious,"[""Rab8""]","[""a8b8""]",normalized,,csv,"Nersesov – Tigran Petrosian, Tbilisi 1945",,certified,,"Black is clearly better with, for example, but he has a way to gain a winning position. 23...¤e4! All the exposed white pieces make lovely targets for a centralized knight. 24.¦xd5 24.¦c2 ¤xg3†–+ ✓ 24...£xd5 Or 24...¤xg3†–+. 0–1 White resigned as 25.£xd5 ¤c3† gives",2026-03-22T07:58:17.504Z,no
exercise-0636,636,"Tigran Petrosian – Manoian, Yerevan 1948",intermediate,r6r/1q5k/p5pn/3pQ1P1/1P4P1/2P4R/2P4P/6K1 b - - 0 1,b7g7,h7g8,cp,267,engine_suspicious,"[""Qg7""]","[""b7g7""]",normalized,,csv,"Tigran Petrosian – Manoian, Yerevan 1948",,certified,,"The idea is to be able to play ...¢g8, but the attack is irresistible with the white rook on h6. 32...¢g8!–+ ✓ is the solution, and a type of move that’s often overlooked, simply moving the king out of the way in anticipation of a check. 33.¦xh6† ¢g8 34.£e6†+– White has a winning attack (1–0, 40 moves). 34.£xd5†+– also wins.",2026-03-22T07:58:17.504Z,no
exercise-0645,645,"Gideon Stahlberg – Tigran Petrosian, Zurich 1953",intermediate,r4rk1/1ppb1pb1/3p1qp1/2nPp2p/p1P1P2P/P1N3PB/1P3P1K/1R1QNR2 b - - 0 1,d7h3,f6e7,cp,107,engine_suspicious,"[""Bxh3"",""Kxh3"",""Nxe4""]","[""d7h3"",""h2h3"",""c5e4""]",normalized,,csv,"Gideon Stahlberg – Tigran Petrosian, Zurich 1953",,certified,,"Simply winning a central pawn; Black is much better. 19.¤xe4 £f5† 20.¢h2 £xe4µ ✓ (0–1, 64 moves)",2026-03-22T07:58:17.504Z,no
exercise-0654,654,"Tigran Petrosian – Georgi Ilivitzki, Moscow) 1964",intermediate,2rr1nk1/pp3ppp/4qn2/3p1N2/6P1/2BQP2P/PP3P2/1K1R3R w - - 0 1,f5g7,f2f3,cp,184,engine_suspicious,"[""Nxg7"",""Kxg7"",""g5""]","[""f5g7"",""g8g7"",""g4g5""]",normalized,,csv,"Tigran Petrosian – Georgi Ilivitzki, Moscow) 1964",,certified,,"White has a clear positional advantage after most moves, but can use his superiority to gain a decisive material advantage. White wins an important pawn, or more. The opening of the g-file secures the pawn that will arrive on f6. 23...¤8d7 24.£xd5 1–0",2026-03-22T07:58:17.504Z,no
exercise-0665,665,"Tigran Petrosian – Bukhuti Gurgenidze, Riga 1975",intermediate,r2q1rk1/pp2n1b1/3p2pp/1b1Pp1B1/1P2N3/1Q4PP/P4PB1/R1R3K1 w - - 0 1,e4d6,g5e7,cp,209,engine_suspicious,"[""Nxd6""]","[""e4d6""]",normalized,,csv,"Tigran Petrosian – Bukhuti Gurgenidze, Riga 1975",,certified,,"White did not have to respond to the threat to the bishop by moving it. 19...hxg5 19...£xd6? 20.¥xe7 £xe7 21.d6† £f7 22.¥d5+– ✓ 20.¤xb5+– (1–0, 31 moves) 20.¤xb7+– also wins if White follows up with 21.d6†.",2026-03-22T07:58:17.504Z,no
exercise-0670,670,"Semen Furman – Boris Spassky, Moscow 1955",intermediate,4r1k1/pQ4pp/2r5/1bq2p1n/2p1P3/P1P2P2/3BB1PP/R3R2K w - - 0 1,f3f4,d2e3,cp,280,engine_suspicious,"[""f4""]","[""f3f4""]",normalized,,csv,"Semen Furman – Boris Spassky, Moscow 1955",,certified,,"Black is threatening followed by 25...¤g3† 26.hxg3 ¦h6 mate. 24.¦ab1 is better for White, but allows Black to complicate things with: 24...¦b6 25.£xa7 ¤g3† 26.hxg3 ¦h6† 27.¥xh6 £xa7 28.¦xb5 gxh6± So the solution is another move: 24.¥e3! £e5 24...£xe3 25.¥xc4†+– ✓ is a discovered attack and 24...¦c7 25.¥xc5 ¦xb7 26.¦ab1 wins a second pawn with a capture on b5 next. 25.f4+– White threatens not only the queen, but also the knight on h5.",2026-03-22T07:58:17.504Z,no
exercise-0680,680,"Boris Spassky – Viktor Korchnoi, Moscow 1964",intermediate,rn3rk1/pb3ppp/1p2qb2/3p4/3p4/2NN2P1/PP2PPBP/2RQ1RK1 w - - 0 1,c3d5,d3f4,cp,84,engine_suspicious,"[""Nxd5""]","[""c3d5""]",normalized,,csv,"Boris Spassky – Viktor Korchnoi, Moscow 1964",,certified,,"White threatens 15.¤c7 and 15.¤xf6† £xf6 16.¥xb7. 14...¥xd5 14...¥d8 15.¤f6† wins an exchange, but 15.¤c7 shows even less mercy; Black loses a piece. 15.¤f4! £d6+– ✓ White wins an exchange and the game after either capture on d5. But not 15...¥xg2? 16.¤xe6 ✓ ¥xf1 17.¤xf8 ¥h3 when Black temporarily gets three pieces for the queen, but his luck is short- lived after (among others) 18.£d3 ¢xf8 19.£e4+– trapping the rook.",2026-03-22T07:58:17.504Z,no
exercise-0713,713,"Boris Spassky – Jan Timman, Cannes 1990",intermediate,r7/p3N1pk/7p/1p1pN2P/1P2r3/P2K3b/6R1/5R2 w - - 0 1,e5f3,g2g7,mate,4,engine_suspicious,"[""Nf3""]","[""e5f3""]",normalized,,csv,"Boris Spassky – Jan Timman, Cannes 1990",,certified,,A double threat: 38...£xb2 and 38...£h2 mate. 38.£xf3 £xb2µ ✓,2026-03-22T07:58:17.504Z,no
exercise-0722,722,"Boris Spassky – Scott Coleman, Reno (simul) 2004",intermediate,r1b2r2/p3q1p1/1pn1ppk1/2npP1N1/5PQ1/2N5/PPP3PP/R4RK1 w - - 0 1,c3d5,e5f6,cp,272,engine_suspicious,"[""Nxd5""]","[""c3d5""]",normalized,,csv,"Boris Spassky – Scott Coleman, Reno (simul) 2004",,certified,,"A second and more complicated solution is: 15.exf6 ¦xf6 (15...gxf6 16.¤xe6† ¢f7 17.£h5† ¢xe6 18.£xd5 mate) 16.£h4 (or 16.£h3) 16...¦f5 17.£h7† You need to see this far. 17...¢f6 18.g4 ¦xg5 19.fxg5† ¢e5 Black is one move from escaping, but does not get enough time: 20.£g6! ¥a6 (defending against ¤b5) 21.¦f7 £e8 22.¦d1!+– White has a crushing attack; ...¢d6 is not possible right now, and all White’s pieces are homing in on the black king. 15...exd5 16.f5† ¥xf5 17.£xf5† ✓ ¢h5 18.£h7† 18.¦f3 is also quite strong, with mate in one, and there are other ways. 18...¢g4 19.h3† ¢xg5 20.¦f5 mate At the start, 15.¤xe6† is a good try but doesn’t seem to win straight away. 15...¢f7 Preventing White from capturing on f8 with check. 16.exf6 £xe6 (16...£xf6 17.f5+–) 17.£xg7† ¢e8 18.¦fe1 ¤e4 19.¤xd5! White sacrifices a third piece! 19...£xd5 20.¦ad1 £f5 21.¦d4! The rook is immune and White wins back at least a piece and a rook. One line given by the engine is: 21...¦xf6 22.¦dxe4† ¥e6 23.£g8† ¦f8 24.£xe6† £xe6 25.¦xe6† ¢d7 26.g3±",2026-03-22T07:58:17.504Z,no
exercise-0727,727,"Robert Fischer – James Sherwin, New York 1957",intermediate,5rk1/5ppp/3p4/3B2q1/R3P1n1/2r5/P3Q1PP/5R1K w - - 0 1,f1f7,a4c4,cp,-10,engine_suspicious,"[""Rxf7""]","[""f1f7""]",normalized,,csv,"Robert Fischer – James Sherwin, New York 1957",,certified,,"The best move. Although it does not lead to a decisive advantage against correct defence, it is best both objectively and practically, as Black can easily go wrong. After 30.¥xf7†?! ¢h8³, Black might take over. 30...¦c1†? Natural but losing. Black had to find: 30...h5! 31.¦c4 (31.¦f5†?? ¢h7–+ and White is back-rank mated if he takes the queen) 31...¦xc4 32.¦xf8† ¢xf8 33.£xc4² 31.£f1!! Everything checks out for White. But not 31.¦f1†? ¢h8–+. 31...h5 Three alternatives: a) 31...¦xf1† 32.¦xf1† £xd5 33.¦xf8† ¢xf8 34.exd5+– ✓ ; b) 31...¦xf7 32.¦a8† ✓ mating; c) 31...¤f2† 32.¦xf2†+– ✓ 32.£xc1! £xc1† 33.¦f1† ¢h7 34.¦xc1+– ✓",2026-03-22T07:58:17.504Z,no
exercise-0756,756,"Anatoly Karpov – De Chen, Hannover 1983",intermediate,r1b2r1k/1pq3pp/p1n1p3/3p4/3PnN2/3B1NP1/PP3P1P/R2QR1K1 b - - 0 1,f8f4,g7g5,cp,-71,engine_suspicious,"[""Rxf4""]","[""f8f4""]",normalized,,csv,"Anatoly Karpov – De Chen, Hannover 1983",,certified,,"A common sacrifice in the French, but here it would have been better to abstain from it. 19...g5! is the only move that’s not clearly worse for Black. White is slightly better after 20.¥xe4 gxf4 ✓ 21.¥d3 fxg3 22.fxg3!. 20.gxf4 £xf4 21.¥xe4! dxe4 22.¤e5! Activity brings White a large advantage. 22...¤xe5 22...£g5† 23.¢h1± 23.dxe5 ¥d7 24.£xd7 ¦f8 24...£g4† 25.¢f1 £h3† 26.¢e2 £f3† 27.¢d2 £f8 28.¢c1!+– 25.£d1+– 25.£d4+– 25...£g5† 26.¢h1 ¦xf2 27.¦g1 1–0",2026-03-22T07:58:17.504Z,no
exercise-0767,767,"Anatoly Karpov – Ivan Morovic Fernandez, Las Palmas 1994",intermediate,1b2r1k1/4rpp1/p2q1n2/2Rp1BB1/Np1P4/nP4P1/5PK1/3Q3R w - - 0 1,h1h8,d1g1,cp,226,engine_suspicious,"[""Rh8+""]","[""h1h8""]",normalized,,csv,"Anatoly Karpov – Ivan Morovic Fernandez, Las Palmas 1994",,certified,,"White is winning anyway, but this is the fastest way to end the game. 32...¢xh8 33.£h1† ¢g8 34.¥xf6 £xg3† 34...£xf6 35.£h7† ¢f8 36.£h8 mate ✓ 35.fxg3 ¦e2† 36.¢h3 36.¢f3 ¦2e3† 37.¢g4 ¦xg3† 38.¢h4 and White is still winning, but the game line is a much better choice. 36...gxf6 37.¢g4 1–0",2026-03-22T07:58:17.504Z,no
exercise-0781,781,"Anatoly Karpov – Olav Sepp, Puhajarve (rapid) 2013",intermediate,r2q1rk1/1pp3bp/n2p4/p2P1b2/1PPN4/P1NpB2P/5P2/R2QK1R1 w Q - 0 1,d4f5,g1g7,cp,470,engine_suspicious,"[""Nxf5""]","[""d4f5""]",normalized,,csv,"Anatoly Karpov – Olav Sepp, Puhajarve (rapid) 2013",,certified,,"Or 17.¦xg7† ¢xg7 18.¤xf5† transposing. 17...¦xf5 18.¦xg7†! ¢xg7 19.£g4†+– ✓ White wins back the rook, with an extra piece. 19...¢f6 20.¤e4† Best, but there are other winning continuations as well. 20...¢e5 21.¤g3 1–0 Or 21.£g3† ¢xe4 22.£g4† ¢e5 23.£d4 mate.",2026-03-22T07:58:17.504Z,no
exercise-0807,807,"Alexander Khalifman – Jaan Ehlvest, Lvov 1985",intermediate,2B4k/6pp/pnq3b1/3p2P1/1p1r4/6Q1/PPP4P/2KRR3 w - - 0 1,c8f5,g3f2,cp,-21,engine_suspicious,"[""Bf5""]","[""c8f5""]",normalized,,csv,"Alexander Khalifman – Jaan Ehlvest, Lvov 1985",,certified,,"But not 30.¦xd4? £xc2 mate. White should first defend by blocking and deflecting the bishop. 30...¥xf5 31.£c7!! Then an X-ray defence, deflecting the queen and threatening the knight! 31...¦xd1† 32.¢xd1+– ✓ Black loses a piece (1–0, 42 moves).",2026-03-22T07:58:17.504Z,no
exercise-0812,812,"Alexander Khalifman – Mikhail Ulibin, Sochi 1989",intermediate,r1b2rk1/p2n1qpp/p2Pp3/2p2pP1/N1p2N2/8/PP3PP1/R2Q1RK1 w - - 0 1,f4e6,f1e1,cp,115,engine_suspicious,"[""Nxe6""]","[""f4e6""]",normalized,,csv,"Alexander Khalifman – Mikhail Ulibin, Sochi 1989",,certified,,"Removing all the defenders against £d5†, picking up the unprotected rook on a8. 17...£xe6 18.¦e1! £xe1† 18...£f7 19.¦e7 £g6 20.£d5†+– ✓ 19.£xe1+– ✓ (1–0, 24 moves)",2026-03-22T07:58:17.504Z,no
exercise-0820,820,"Dmitry Gurevich – Alexander Khalifman, Moscow (rapid) 1992",intermediate,br4k1/p1q2p2/4nnp1/2P1N3/P2R3p/4N1P1/QB2PP1P/6K1 b - - 0 1,c7b7,e6d4,cp,22,engine_suspicious,"[""Qb7""]","[""c7b7""]",normalized,,csv,"Dmitry Gurevich – Alexander Khalifman, Moscow (rapid) 1992",,certified,,"Easily winning, right? 27.c6! Don’t underestimate a passed pawn! 27...£xb2 28.£xb2 Or 28.¦d8† ¤xd8 29.£xb2. 28...¦xb2 29.¦d8†! A standard motif with a pawn on the sixth rank versus a knight. 29...¤xd8 29...¢h7 30.¦xa8+– 30.c7+– Both promotion squares cannot be protected. 30...¦b1† 31.¤f1 ¦d1 32.c8=£ ¥b7 33.£c2 ¦d5 34.¤xg6 1–0 So Black should have avoided the tempting mating threat. Stronger was 26...¤xd4= ✓ .",2026-03-22T07:58:17.504Z,no
exercise-0826,826,"Alexander Khalifman – Evgeny Bareev, Moscow 1995",intermediate,rn3rk1/1q2ppbp/p3b1p1/1pPN4/4P3/4PN2/PPQ1B1PP/R4RK1 w - - 0 1,c5c6,f3d4,cp,183,engine_suspicious,"[""c6""]","[""c5c6""]",normalized,,csv,"Alexander Khalifman – Evgeny Bareev, Moscow 1995",,certified,,"The fork on e7 wins a piece or allows the pawn to queen. 16...£a7 16...¤xc6 runs into: 17.£xc6! £xc6 (17...¥xd5 18.exd5+– ✓ or 18.£xd5+–) 18.¤xe7† ¢h8 19.¤xc6+– ✓ 17.c7! ¥xd5 17...¤d7 18.¤xe7† ¢h8 19.c8=£+– ✓ 18.c8=£+– ✓ (1–0, 36 moves)",2026-03-22T07:58:17.504Z,no
exercise-0841,841,"Jeroen Piket – Vladimir Kramnik, Monte Carlo (rapid) 1999",intermediate,4q2k/5p1p/p4p2/1p2bN2/2p1P3/P5P1/1P1Q1P1P/6K1 w - - 0 1,d2h6,h2h4,cp,228,engine_suspicious,"[""Qh6"",""Qg8"",""f4"",""Bxb2"",""e5""]","[""d2h6"",""e8g8"",""f2f4"",""e5b2"",""e4e5""]",normalized,,csv,"Jeroen Piket – Vladimir Kramnik, Monte Carlo (rapid) 1999",,certified,,Cutting off the defence. 31...£g6 32.£f8† £g8 33.£e7 Or 33.£d6. 33...£g6 34.£d8† 1–0 Black resigned due to 34...£g8 35.£xf6† £g7 36.£xg7 mate ✓ .,2026-03-22T07:58:17.504Z,no
exercise-0851,851,"Vladimir Kramnik – Viswanathan Anand, Bonn (5) 2008",intermediate,8/1b1nkp1p/4pq2/1B6/PP1p1pQ1/2r2N2/5PPP/4R1K1 w - - 0 1,f3d4,g4g8,cp,-40,engine_suspicious,"[""Nxd4""]","[""f3d4""]",normalized,,csv,"Vladimir Kramnik – Viswanathan Anand, Bonn (5) 2008",,certified,,"Take a full point for any non-blundering move, but best seems either 29.¤d2÷ or 29.¥xd7÷. 29...£xd4 30.¦d1 ¤f6! 31.¦xd4 ¤xg4 32.¦d7† ¢f6 33.¦xb7 ¦c1† 34.¥f1 Maybe White had seen this far and counted on his queenside pawns to decide the game, but it was already time to resign two moves later: 34...¤e3! 35.fxe3 fxe3 0–1",2026-03-22T07:58:17.504Z,no
exercise-0855,855,"Vladimir Kramnik – Daniel Fridman, Dortmund 2013",intermediate,r2rkq2/3n1p2/pp1npp1p/2p4N/2P2QPP/P1NPP3/1B6/5RK1 w q - 0 1,c3d5,c3a4,cp,164,engine_suspicious,"[""Nd5""]","[""c3d5""]",normalized,,csv,"Vladimir Kramnik – Daniel Fridman, Dortmund 2013",,certified,,"Opening up the way to the king. 29...exd5 30.¥xf6+– ✓ 1–0 Threatening ¤g7†, and the bishop cannot be taken due to mate. Black chose to resign since trying to create an escape square does not help: 30...¤b8 31.¥g7 £e7 32.¤f6† White wins the queen and the game.",2026-03-22T07:58:17.504Z,no
exercise-0858,858,"Vladimir Kramnik – Peter Svidler, Sochi 2015",intermediate,1r1r2k1/pp2ppb1/1n4pp/3bP3/2qNR2N/B5P1/P4QBP/5RK1 w - - 0 1,d4e6,e4g4,cp,218,engine_suspicious,"[""Ne6""]","[""d4e6""]",normalized,,csv,"Vladimir Kramnik – Peter Svidler, Sochi 2015",,certified,,"A nice discovery/closing tactic. Either the king is mated or the queen is lost. 26.e6 is not the way to go: 26...¥xe4 27.£xf7†? (27.exf7† ¢h7 28.¥xe4 ¥xd4 29.¥xg6† ¢h8 30.¥b2 e5=) 27...¢h8–+ But 26.¦g4!? £xa2 27.¥b2+– is also quite strong. 26...¥xe6 26...¥xe4 27.£xf7† ¢h7 28.£xg7 mate ✓ 27.¦xc4+– ✓ (1–0, 30 moves)",2026-03-22T07:58:17.504Z,no
exercise-0863,863,"Aleksandar Kovacevic – Viswanathan Anand, Belgrade 1997",intermediate,qr4k1/2p2pp1/3p2p1/2n1p1P1/1nB1P3/2QPP2P/1P6/2B1R1K1 b - - 0 1,b4d3,c7c6,cp,64,engine_suspicious,"[""Nbxd3"",""Bxd3""]","[""b4d3"",""c4d3""]",normalized,,csv,"Aleksandar Kovacevic – Viswanathan Anand, Belgrade 1997",,certified,,"Instead the game ended: 30.¦f1 £xe4 0–1 30...¦b3 31.£c2 ¦xd3 31...¤xd3? 32.£xb3 ¤xe1 33.£d1² 32.b4 £a4! ✓ 0–1 By trading queens, Black saves both the knight and the rook, leaving him with a winning position.",2026-03-22T07:58:17.504Z,no
exercise-0865,865,"Julen Arizmendi Martinez – Viswanathan Anand, Villarrobledo (rapid) 1998",intermediate,4r1k1/p2qbp1p/1p2p1pB/4r3/4N3/P4Q1P/1P3PP1/4R1K1 w - - 0 1,e4f6,e1d1,cp,129,engine_suspicious,"[""Nf6+""]","[""e4f6""]",normalized,,csv,"Julen Arizmendi Martinez – Viswanathan Anand, Villarrobledo (rapid) 1998",,certified,,"White goes for the jugular, but Black can parry the attack and gain a winning position. The only move was 25.¦d1 ✓ when 25...£c8 26.¤f6† ¢h8 27.¤xe8 £xe8 gives White more than enough compensation for the pawn, especially after 28.£c3! f6 29.£c7± with a double threat (30.¦d7 and 30.£xa7). 25...¥xf6 26.£xf6 ¦xe1† 27.¢h2 £d6† 28.f4 £f8! 29.¥xf8 ¦xf8–+ (0–1, 40 moves)",2026-03-22T07:58:17.504Z,no
exercise-0874,874,"Miso Cebalo – Viswanathan Anand, Bastia 2003",intermediate,4rnk1/pb3ppp/1p6/3r2q1/1Bp5/P4B2/1PQ2PP1/1K1R3R w - - 0 1,d1d5,f3d5,cp,129,engine_suspicious,"[""Rxd5""]","[""d1d5""]",normalized,,csv,"Miso Cebalo – Viswanathan Anand, Bastia 2003",,certified,,A red herring – White should not bite into the bait. 22.¥xf8? is also bad: 22...¦xd1† 23.¥xd1 (23.¦xd1 ¥xf3 24.gxf3 ¦xf8–+) 23...¥e4–+ Best is 22.¦de1² but any move that does not exchange too many pieces earns a full point. 22...¥xd5 23.¦h5? White can win the h-pawn with 23.¥xf8 ¢xf8 24.£xh7 but Black’s king is safe enough after 24...f6µ. 23.¥xd5 £xd5µ also leads nowhere. 23...£xh5 0–1 24.¥xh5 is met by 24...¥e4–+.,2026-03-22T07:58:17.504Z,no
exercise-0882,882,"Viswanathan Anand – Wei Yi, Leon 2016",intermediate,3q2k1/R4p2/2pr2pp/1pQ4n/1P1pP3/3P3P/2N2PP1/6K1 w - - 0 1,e4e5,g2g3,cp,147,engine_suspicious,"[""e5""]","[""e4e5""]",normalized,,csv,"Viswanathan Anand – Wei Yi, Leon 2016",,certified,,"Winning the c6- or d4-pawns. Anand didn’t win the pawn: 32.¦a8?! £xa8 33.£xd6 £a2 34.¤xd4 £b1† 35.¢h2 £xd3= However, he did win the game (1–0, 50 moves). 32...¦d5 32...¦d7 33.¦xd7 £xd7 34.¤xd4+– 33.£xc6+– ✓",2026-03-22T07:58:17.504Z,no
exercise-0884,884,"Ruslan Ponomariov – Boris Ponomariov, Alicante 1997",intermediate,r1b3k1/p1q2pp1/2p4p/4b3/4r3/1P5P/PNP1BPP1/1R1Q1R1K b - - 0 1,e5b2,c8h3,cp,44,engine_suspicious,"[""Bxb2""]","[""e5b2""]",normalized,,csv,"Ruslan Ponomariov – Boris Ponomariov, Alicante 1997",,certified,,"The start of an incorrect combination. Give yourself full points for every other normal move, for example 21...¥e6. It is unclear whether the compensation is 100% there, but it is at least partial compensation. 22.¦xb2 ¥xh3? The immediate double threat 22...£e5 loses to 23.£d8†. 23.gxh3 £e5 Apparently a double attack. 24.c3!+– But it could be parried! White is winning, and did indeed win in 33 moves. 24.¥f3? is not good enough: 24...¦h4–+",2026-03-22T07:58:17.504Z,no
exercise-0896,896,"Vladislav Tkachiev – Ruslan Ponomariov, Moscow (blitz) 2008",intermediate,r1b1r1k1/ppb2pp1/2nq3p/3p4/3P4/3BBN1P/PP3PP1/R2QR1K1 w - - 0 1,e3f4,a1c1,cp,40,engine_suspicious,"[""Bf4""]","[""e3f4""]",normalized,,csv,"Vladislav Tkachiev – Ruslan Ponomariov, Moscow (blitz) 2008",,certified,,1–0 Mating on e8 or winning a bishop on c7.,2026-03-22T07:58:17.504Z,no
exercise-0905,905,"Fabiano Caruana – Ruslan Ponomariov, Dortmund 2014",intermediate,3q4/k1p2br1/1pQ5/p2pR3/P2P4/1P1B4/K1P5/8 w - - 0 1,e5e7,b3b4,cp,197,engine_suspicious,"[""Re7""]","[""e5e7""]",normalized,,csv,"Fabiano Caruana – Ruslan Ponomariov, Dortmund 2014",,certified,,"How can White exploit the weak light squares around the king? First, we must deflect the queen by attacking c7. 39...£xe7 39...¢b8 40.¥a6 ✓ is mating. 40.¥a6! And then the king is deflected! White mates. 40...¢xa6 41.£a8 mate ✓",2026-03-22T07:58:17.504Z,no
exercise-0960,960,"Magnus Carlsen – Alexander Morozevich, Biel 2006",intermediate,7k/6r1/2pN2pp/3n4/5Q2/7P/3R1PPK/4q3 w - - 0 1,d2d5,f4h6,cp,191,engine_suspicious,"[""Rxd5"",""cxd5"",""Qf8+"",""Kh7"",""Ne8""]","[""d2d5"",""c6d5"",""f4f8"",""h8h7"",""d6e8""]",normalized,,csv,"Magnus Carlsen – Alexander Morozevich, Biel 2006",,certified,,1–0 With a decisive attack. 42...£e5† can be met by 43.f4! ✓ followed by 44.¤f6†.,2026-03-22T07:58:17.504Z,no
exercise-0965,965,"Magnus Carlsen – Vassily Ivanchuk, Morelia/Linares 2007",intermediate,6k1/p1qb1pb1/1pn1pB1p/1B2P1pP/3P4/8/P3NPP1/2Q3K1 w - - 0 1,d4d5,f6g7,cp,249,engine_suspicious,"[""d5""]","[""d4d5""]",normalized,,csv,"Magnus Carlsen – Vassily Ivanchuk, Morelia/Linares 2007",,certified,,"A pawn weaker is 25.¥xg7 ¢xg7 26.d5 exd5 27.¤d4 £xe5, but it’s still probably winning. 25...exd5 26.¤d4+– ✓",2026-03-22T07:58:17.504Z,no
exercise-0983,983,"Magnus Carlsen – Radoslaw Wojtaszek, Tromsø (ol) 2014",intermediate,3r1r2/p3npk1/1q1p2p1/1b4P1/1p1PPN2/5R1B/PP3Q2/4R1K1 w - - 0 1,h3e6,g1g2,cp,240,engine_suspicious,"[""Be6""]","[""h3e6""]",normalized,,csv,"Magnus Carlsen – Radoslaw Wojtaszek, Tromsø (ol) 2014",,certified,,"White’s attack is now winning in many ways. The threat is to sacrifice the knight and take on f7. 31.¥g4, and others, still leave White much better, but secure no points. 31...¥e8 31...fxe6 32.¤xe6† with mate. 32.¤d5 32.¦h3+– and other moves are also winning. Black has lost connection between his rooks. 32.¥b3 is also a good move, with the threat of checking on e6. 32...¤xd5 33.¥xd5 1–0 ¦f3-h3 followed by £f2-f6† is one decisive idea.",2026-03-22T07:58:17.504Z,no
exercise-0985,985,"Wilhelm Steinitz – Philipp Meitner, Vienna 1859",advanced,r1b1k1r1/ppppnpq1/8/n3P2p/2B4N/5QB1/P4PP1/3RR1K1 w q - 0 1,e5e6,e1e4,cp,171,engine_suspicious,"[""e6"",""dxe6""]","[""e5e6"",""d7e6""]",normalized,,csv,"Wilhelm Steinitz – Philipp Meitner, Vienna 1859",,certified,,"20...fxe6 21.£xh5†+– ✓ and White picks up the knight on a5. 20...¤xc4 ✓ and White wins with three moves, of which you should have seen one: a) 21.¤f5 and if the queen moves, White takes on f7/d7 and e7. And 21...¤xf5 22.exd7†+– is a double check. b) 21.exd7† ¥xd7 22.£xb7+– is complicated. c) Easiest is 21.exf7† £xf7 22.¤f5+– when Black can’t defend e7. 21.¥b5† The move order 21.£d3 ¤ac6 22.¥xc7 transposes. Full points also for 21.¥xc7 ¤ac6 22.£d3 f6 when White has a winning position due to the black king, even though it’s not over yet. 21...c6 21...¤ac6 22.¤f5!+– and as the e7-knight is overloaded, White will soon win the knight on c6 (or the rook on a8). 22.¥c7 Another winning line is 22.¥d6 cxb5 23.¥xe7 ¢xe7 24.¤f5† taking the queen. 22...¥d7 23.¥xa5 £g4! Material is equal after 23...cxb5, but White wins with the double threat 24.£xb7 (or 24.¦xd7 ¢xd7 25.£xb7†). 24.£d3! The only winning move; Black doesn’t get time to take on h4 for free. 24...¤d5 25.¦e4!+– White is a piece up.",2026-03-22T07:58:17.504Z,no
exercise-0990,990,"Emanuel Lasker – Johann Bauer, Amsterdam 1889",advanced,r4rk1/1b2bppp/ppq1p3/2ppB2n/5P2/1P1BP3/P1PPQ1PP/R4RK1 w - - 0 1,d3h7,e2h5,cp,82,engine_suspicious,"[""Bxh7+"",""Kxh7"",""Qxh5+"",""Kg8"",""Bxg7""]","[""d3h7"",""g8h7"",""e2h5"",""h7g8"",""e5g7""]",normalized,,csv,"Emanuel Lasker – Johann Bauer, Amsterdam 1889",,certified,,"The classic double-bishop sacrifice! 17...¢xg7 17...f6 is easy to handle: 18.¥h6 with mate or 18.¦f3. But 17...f5!? is trickier. White has three options: a) 18.¥h6? does not work. White needs the check on g4 after 18...£e8–+; b) 18.¥e5! ¦f6 19.¦f3! ✓ The only move that wins, but now it will soon be mate. c) 18.¦f3 also wins, but only if White finds all the following moves: 18...¢xg7 19.¦g3† ¥g5 20.¦xg5†! ¢f6 21.£h4! ¢f7 22.£h7†! ¢e8 23.¦g7! ¦b8 24.¦c7! £d6 25.¦xb7+– 18.£g4†! ¢h7 19.¦f3 e5 20.¦h3† £h6 21.¦xh6† ¢xh6 Black has enough pieces, but a double threat settles matters: 22.£d7!+– ✓",2026-03-22T07:58:17.504Z,no
exercise-1008,1008,"Andor Lilienthal – Vassily Smyslov, Leningrad/Moscow 1939",advanced,r1bqrnk1/p3bppn/2p4p/1p1p4/3P1BP1/2NBP2P/PPQ1NP2/2KR3R w - - 0 1,c3b5,c1b1,cp,74,engine_suspicious,"[""Nxb5"",""cxb5"",""Bc7"",""Qd7"",""Bf5"",""Nf6""]","[""c3b5"",""c6b5"",""f4c7"",""d8d7"",""d3f5"",""h7f6""]",normalized,,csv,"Andor Lilienthal – Vassily Smyslov, Leningrad/Moscow 1939",,certified,,"The game continued: 16...¤e6?! 17.¥xh7†² ✓ (½–½, 42 moves) 17.¥xd7 ¥xd7! ✓ Black gains a third piece for the queen, since White is not in time to evacuate the c-file. However, White can get a second pawn via a few different routes. Here is one: 18.¥a5 ¦ac8 19.¤c3 b4 20.f3 bxc3 21.¥xc3÷ You have to decide if you prefer this position to a normal first move. The computer claims a small advantage to White, but it often overvalues the queen. Any non-losing first move gives 1 point, and anticipating that Black gets a third piece for the queen is enough for full points, regardless of whether you decided to take on b5 or not.",2026-03-22T07:58:17.504Z,no
exercise-1015,1015,"Mikhail Tal – Aleksandrs Koblencs, Riga 1957",advanced,2b2knQ/r1qr2pR/2N1p3/1p3pB1/3p2P1/2b5/PPP5/2K4R w - - 0 1,h1h6,c6a7,cp,-83,engine_suspicious,"[""R1h6""]","[""h1h6""]",normalized,,csv,"Mikhail Tal – Aleksandrs Koblencs, Riga 1957",,certified,,"The only move to continue the attack. The threat is 34.¦f6† gxf6 35.¥h6†. 33...d3? 33...gxh6? 34.¥xh6† ¢e8 35.£xg8 mate ✓ 34.bxc3! 34.¦f6†?? ¥xf6–+ 34...d2† 35.¢d1 £xc6 36.¦f6†! ¦f7 36...gxf6 37.¥h6† ¦g7 38.¥xg7† ¢e7 39.¥xf6† ¢d6 40.¥e5† ✓ White’s moves so far have been the only way to win. 40...¢d5 41.¦xa7+– 37.£xg7†!+– 1–0 Instead, Black should have played 33...£xc6! straight away, or after taking on b2. 34.¦f6† gxf6 35.¥h6† ¦g7 36.¥xg7† ✓ ¢e7 White has a few ways to make a draw from here. One is: 37.¥xf6† ¢d6 38.¥e5† ¢d5 39.¦xa7 ¥xb2† 40.¢b1 (40.¢xb2 is a draw by a small margin: 40...£c3† 41.¢c1 £e1† 42.¢b2 Black can play for more than a repetition with 42...£xe5! but after 43.£xg8 d3† 44.¢b3! d2 45.£xc8! £e3† 46.£c3 £xa7 47.£xd2†= it is a draw nevertheless.) 40...£c3 41.¥b8 (not 41.£h1†? ¢xe5–+ or 41.£xg8? ¥a1–+) Moving the bishop threatens to check on e5. 41...£e1† 42.¢xb2 £c3† 43.¢b1= 33.¦1h6 was the only move to draw.",2026-03-22T07:58:17.504Z,no
exercise-1018,1018,"Mikhail Tal – Aleksandrs Koblencs, Riga 1961",advanced,r6r/3qP1k1/p3RnBp/3p1P2/8/1Pp3B1/P1P3PP/2KR4 w - - 0 1,g3e5,d1e1,cp,94,engine_suspicious,"[""Be5"",""Qxe6""]","[""g3e5"",""d7e6""]",normalized,,csv,"Mikhail Tal – Aleksandrs Koblencs, Riga 1961",,certified,,"White has a promising position after a slow move, but can force matters: The only try. 25.fxe6 ¢xg6 26.¦f1! ¤h7 26...¦he8 27.¦xf6†+– is hopeless. 27.¥xh8 ¦xh8 28.¦f8! A move White must see before playing 24.¥e5. 28...¦xf8 28...¤xf8 29.e8=£†+– ✓ 29.exf8=£ ¤xf8 30.e7 ¢f7 31.exf8=£† ¢xf8 ✓ White has an easily winning endgame. 32.¢d1 1–0",2026-03-22T07:58:17.504Z,no
exercise-1023,1023,"Mikhail Tal – Tigran Petrosian, Moscow 1974",advanced,rnq1brk1/ppp2pb1/6p1/6N1/2B5/8/PPPQ1PPP/3RR1K1 w - - 0 1,d2f4,d2d3,cp,292,engine_suspicious,"[""Qf4""]","[""d2f4""]",normalized,,csv,"Mikhail Tal – Tigran Petrosian, Moscow 1974",,certified,,"On the way to h4, but also pressuring f7. The alternative 21.£d3!? threatens the pawn on g6. After 21...£f5 22.£xf5 gxf5 23.¦xe8 ¦xe8 24.¥xf7† ¢f8 25.¥xe8 ¢xe8 26.¤e6! ¥e5 27.¦e1! White is winning. Full points if you saw this far. 21...¤d7 22.¦xd7! Capturing the knight that was supposed to defend against the mate on h7. 22...¥xd7 22...£xd7 23.£h4 ✓ with mate. 23.¥xf7† 1–0 Black resigned due to 23...¦xf7 24.£xf7† ¢h8 25.£xg6 ¥f5 26.¤f7† ¢g8 27.¤h6† ¢h8 28.¤xf5 with a mating attack. Also winning was: 23.£h4 ¦e8 24.¥xf7†+–",2026-03-22T07:58:17.504Z,no
exercise-1037,1037,"Bent Larsen – Tigran Petrosian, Santa Monica 1966",advanced,r2q1rk1/pp2pp2/3pnbp1/3R4/2P3BQ/4BR2/PP4PP/6K1 w - - 0 1,h4h6,h4h3,cp,107,engine_suspicious,"[""Qh6""]","[""h4h6""]",normalized,,csv,"Bent Larsen – Tigran Petrosian, Santa Monica 1966",,certified,,"Threatening 25.¥xe6 or 25.¦h3. 24.¦xf6? exf6µ gets White nowhere. 24...¥g7 25.£xg6!! 25.£h4? is not even a repetition: 25...f5µ 25...¤f4 a) 25...¤c7 is a double threat, but Black gets no time to execute it: 26.£xg7†! ¢xg7 27.¦g5† ¢h6 28.¦h3 mate ✓ b) 25...fxg6 26.¥xe6† ¢h7 (26...¦f7 and White can transpose to the main line with 27.¦xf7 or get a winning attack after 27.¥xf7† ¢f8 28.¥xg6† ¥f6 29.¦h5) 27.¦h3† ¥h6 28.¥xh6 ¦f5 29.¦xf5! gxf5 30.¥f7!+– ✓ The threat of 31.¥f8 mate is hard to defend against. White could have captured the f5-pawn first, but there’s no point. 26.¦xf4! fxg6 27.¥e6† ✓ ¦f7 27...¢h7 28.¦h4† is the same as 25...fxg6 26.¥xe6 ¥h6. The only difference is that Black can try 28...¥h6 29.¥xh6! g5 when both moves win: 30.¥xg5†+– and 30.¦xg5 £b6† 31.c5!+–. 28.¦xf7+– It’s over. Also strong is: 28.¥xf7† ¢f8 29.¥xg6† ¥f6 30.¦h5+– 28...¢h8 28...¥e5 29.¦f5† ¢h8 30.¦fxe5+– 29.¦g5! b5 30.¦g3 1–0",2026-03-22T07:58:17.504Z,no
exercise-1050,1050,"Boris Spassky – Robert Hübner, Solingen (4) 1977",advanced,1r1r4/2p1n3/2P2kp1/1RRPp2p/1B2p3/4P3/5PPP/5K2 w - - 0 1,d5d6,b5b8,cp,162,engine_suspicious,"[""d6""]","[""d5d6""]",normalized,,csv,"Boris Spassky – Robert Hübner, Solingen (4) 1977",,certified,,"There is still some work left after 35.¦xb8 ¦xb8 36.¥a5 ¦d8! 37.¥xc7 ¦xd5±. 35...¦a8!? 35...¦xb5 fails to 36.dxe7 ¦xc5 37.exd8=£†+– ✓ and 35...cxd6 36.c7 ¦xb5 37.cxd8=£+– ✓ is another route to a new queen. 36.dxe7 ¦a1† 37.¥e1 ✓ 37.¢e2 ¦a2† makes no progress. 37...¦dd1 38.g3 The threat of promoting to a queen instead of a knight prevents the ...g6-g5-g4 idea, leaving White with a winning endgame. Instead Spassky won after the spectacular but weaker 38.e8=¤†?! ¢f7! 39.g4± (39.g3 g5! forces White to give a perpetual due to the dangerous attack on his king) 38...¦xe1† 39.¢g2 ¢xe7 40.¦xe5†+–",2026-03-22T07:58:17.504Z,no
exercise-1056,1056,"Robert Fischer – O. Celle, Davis (simul) 1964",advanced,r4r2/ppQbkp1p/3Nq1p1/1p6/4P1n1/2P5/P4PPP/3R1RK1 w - - 0 1,d6f5,h2h3,cp,44,engine_suspicious,"[""Nf5+""]","[""d6f5""]",normalized,,csv,"Robert Fischer – O. Celle, Davis (simul) 1964",,certified,,"The sacrifice opens the e-file, but it is not as easy as it may look. 20...gxf5 20...¢e8 21.¤g7†+– ✓ and 20...¢f6 21.¦d6 gxf5 22.£xd7!+– wins the queen (but 22.¦xe6†?! ¥xe6 is not so clear). 21.exf5 ¦ac8 21...£xf5 22.£d6† ¢d8 (22...¢e8 23.¦fe1† ¥e6 24.£d7 mate ✓ ) 23.£xf8† ¢c7 24.£xa8+– ✓ 22.¦xd7†! £xd7 22...¢f6 23.fxe6 (or 23.£xc8 ¦xc8 24.fxe6+–) 23...¦xc7 24.¦xc7+– 23.f6†! 23.¦e1† ¤e5! 24.¦xe5† ¢f6 25.£xd7 ¢xe5+– is not as good, but should still be winning (full points). 23...¤xf6 23...¢e8 24.¦e1† ✓ mates and 23...¢xf6 24.£xd7 ✓ is over. 24.¦e1† ¤e4 25.¦xe4† ¢f6 26.£xd7 ✓ White is easily winning and Black resigned on the next move. Chess demands total concentration and a love for the game.",2026-03-22T07:58:17.504Z,no
exercise-1062,1062,"Luc Winants – Anatoly Karpov, Brussels 1988",advanced,2r4k/2nnqpb1/4pN1p/p2pP3/3P3P/1P2Q1R1/1B1N1P2/6K1 w - - 0 1,d2c4,f6h5,cp,172,engine_suspicious,"[""Nc4""]","[""d2c4""]",normalized,,csv,"Luc Winants – Anatoly Karpov, Brussels 1988",,certified,,"The seemingly bad bishop on b2 can become a key attacker. Clearing the c1-h6 diagonal. Also full points for similar solutions: 36.¦xg7! ¢xg7 37.¤de4! Again, clearing c1-h6. With this move, White protects the f6-knight, rather than preparing a killing ¥a3. 36.¤de4! is similar to 36.¤c4 and 36.¦xg7. But do not play like in the game: 36.¥a3? £xa3 37.¤xd7 ¤b5= 38.¤f6? £a1†–+ Good for a clear advantage is 36.¤h5. 36...¤xf6 36...dxc4 37.¦xg7! ¢xg7 38.¥c1 ¤xf6 (38...¦h8 39.£g3† ¢f8 40.¥xh6†! ¦xh6 41.£g8 mate) 39.£xh6† ¢g8 40.exf6 £f8 41.£g5† ¢h8 42.£h5† ¢g8 43.¥h6!+– ✓ And the bishop manoeuvre to g7 decides the game – a much better use than sacrificing itself for a mere knight. 37.¥a3! ✓ £d7 38.exf6+–",2026-03-22T07:58:17.504Z,no
exercise-1073,1073,"Garry Kasparov – Vassily Ivanchuk, Manila (ol) 1992",advanced,3R4/5p2/1p2pkp1/1P2b2p/2BnP3/4B1PP/5PK1/3r4 w - - 0 1,f2f4,d8d7,cp,328,engine_suspicious,"[""f4"",""Ke7""]","[""f2f4"",""f6e7""]",normalized,,csv,"Garry Kasparov – Vassily Ivanchuk, Manila (ol) 1992",,certified,,and 39.¥e2?! ¢e7! do not win. 39.¦d7!! Preventing ...¢e7 which would break the pin that is supposed to win a piece. White is threatening f2-f4. 39...g5!? 39...¢g7 40.¥xe6!+– ✓ (but not 40.f4? ¤c2!= which is a beautiful trick) 40.¥e2! ¤xe2 40...¦e1 41.¥xh5+– ✓ Threatening mate and the knight. 41.¦xd1+– ✓,2026-03-22T07:58:17.504Z,no
exercise-1076,1076,"Garry Kasparov – Evgeny Bareev, Novgorod 1994",advanced,3r4/p1qn1pk1/1p1R3p/2P1pQpP/8/4B3/5PP1/6K1 w - - 0 1,d6g6,e3g5,cp,505,engine_suspicious,"[""Rg6+"",""fxg6"",""Qxg6+"",""Kf8"",""Qxh6+""]","[""d6g6"",""f7g6"",""f5g6"",""g7f8"",""g6h6""]",normalized,,csv,"Garry Kasparov – Evgeny Bareev, Novgorod 1994",,certified,,"a) is only a draw as long as Black doesn’t voluntarily step into a check from the bishop: 37...¢f7 38.£g6† ¢f8 39.¥xg5 ¤xc5= b) The straightforward 35.¦xh6 ¢xh6 36.¥xg5† ¢g7 37.h6† ¢f8 (37...¢g8? 38.¥xd8 £xd8 39.£g4†+– and White queens) 38.£h7 does not win: 38...¢e8!= 39.£g8†? ¤f8 40.h7 ¦d1† 41.¢h2 e4† 42.g3 £xc5 Defending the knight on f8 and creating a counter-threat against f2. It is Black who wins. (White can improve in this variation with 38.¥h4!, which should win, however it’s very difficult to see and calculate. The idea is to attack g7 and e7 with the queen and promote the h-pawn. Congrats if you saw this!) c) White’s position is very good, so even passing over the move wins! Let’s try 35.g3 and the logical answer 35...bxc5: 36.¦xh6! ¢xh6 37.¥xg5† ¢g7 38.h6† ¢f8 39.£h7 ¢e8 40.£g8† ¤f8 41.h7 ¦d1† 42.¢h2+– And compared to the previous variation, Black’s queen doesn’t have the c5-square. d) But nevertheless, White needs a forceful move to break through: 35.¥xg5! hxg5 36.£xg5† ¢f8 37.h6 ✓ Or 37.c6 £xd6 38.£xd8† ¢g7 39.£xd7+–. 37...bxc5 38.h7 White queens and mates.",2026-03-22T07:58:17.504Z,no
exercise-1097,1097,"Viswanathan Anand – Judit Polgar, Leon (advanced 1) 2000",advanced,3brnk1/1b1q3p/pprPp1pQ/3N1p2/2PB1P2/3B2R1/PP4PP/5RK1 w - - 0 1,f1e1,d5f6,cp,229,engine_suspicious,"[""Re1""]","[""f1e1""]",normalized,,csv,"Viswanathan Anand – Judit Polgar, Leon (advanced 1) 2000",,certified,,"Other moves are good enough for an advantage, but pinning the e-pawn steps up the pressure and wins. The threat is to take on f5. Not 24.¤f6†? ¥xf6 25.¥xf6 ¦xd6±. 24...¦xd6 24...£f7 25.¥xf5 ¦xd6 transposes and 24...exd5? runs into: 25.¦xe8 £xe8 26.£g7 mate ✓ 25.¥xf5! White threatens to take on g6 and Black can’t defend. 25...£f7 26.¥xg6! ¤xg6 26...hxg6 27.£h8 mate 27.f5! ✓ e5 28.¥xe5?! Better would have been 28.¦xe5! ¦xe5 29.¥xe5 ¥xd5 30.cxd5 ¦xd5 31.¦xg6† and wins. 28...¥xd5 29.cxd5 ¦xe5 30.¦xe5+– White failed to convert his winning advantage.",2026-03-22T07:58:17.504Z,no
exercise-1108,1108,"Ruslan Ponomariov – Jop Delemarre, Siofok 1996",advanced,2r1k2r/pp3p1p/4p3/3pPb2/1npP1P2/q1N2Q1P/2PKNB2/3R3R w k - 0 1,d1a1,d1c1,cp,114,engine_suspicious,"[""Ra1""]","[""d1a1""]",normalized,,csv,"Ruslan Ponomariov – Jop Delemarre, Siofok 1996",,certified,,"White instead gained a winning position after mutual mistakes: 21.¦c1!? £b2? 22.¤d1 (22.¤a4!+–) 22...¥e4 23.£e3 c3† (23...¤xc2 24.¤xb2 ¤xe3 25.¢xe3 ¥xh1±) 24.¤exc3 £xc1†?! 25.¢xc1+– And he won some moves later. 21...£b2 22.¦hc1! White threatens 23.¤a4. Not 22.¦hb1? £xc2†µ. 22...¤xc2 a) 22...¥xc2 23.¦a2 £b3 (23...¤xa2 24.¦xc2+– ✓ and White takes the knight as well) 24.¦cxc2 ¤xc2 25.¦xc2+– ✓ b) Black can save his queen with 22...¤c6 but making a passive move when a piece down makes it a hopeless position. 23.¦a2 Or 23.¦ab1 or 23.¦cb1. 23...¤xd4† 24.¦xb2 ¤xf3† 25.¢e3 ✓ White is much better. Black will have to give up a pawn immediately to avoid losing the knight, and the queenside pawns cannot all be saved. 25...d4† 26.¢xf3 dxc3 27.¤xc3+–",2026-03-22T07:58:17.504Z,no
exercise-1117,1117,"Veselin Topalov – Miguel Illescas Cordoba, Linares 1995",advanced,5rk1/6rp/p1npb2b/1p1Npp2/5P1q/2P1N1P1/PPB4P/R2Q1RK1 w - - 0 1,d5c7,a2a4,cp,115,engine_suspicious,"[""Nc7""]","[""d5c7""]",normalized,,csv,"Veselin Topalov – Miguel Illescas Cordoba, Linares 1995",,certified,,"White creates threats against d6 and e6, and the black bishop can’t hold both d5 and f5. 20...exf4 White is not afraid of a sacrifice: 20...¦xg3† 21.hxg3 £xg3† 22.¤g2+– ✓ A better try is 20...¥c4!? 21.¤xf5 (21.¤xc4? exf4! with an initiative) 21...¦xf5, but White seems to be winning after 22.¥xf5. 21.¤g2! £h3 21...£e7 22.¤xe6 £xe6 23.¥b3+– ✓ 22.¦xf4! A necessary move to make the combination sound. Instead 22.¤xe6? fxg3 23.hxg3 ¥e3†! completely turns the tables: 24.¦f2 (24.¤xe3 £xg3† 25.¢h1 £h3 mate) 24...¥xf2†–+ Also misguided is: 22.¤xf4? ¥xf4 23.¦xf4 ¦xg3† 24.hxg3 £xg3† 25.¢h1 £h3† 26.¢g1 ¦f6µ 22...¥xf4 22...¦xc7 23.¦h4+– 23.¤xf4 ¦xg3† ✓ 24.¢h1!+– Wherever the black queen moves, White can play 25.¤cxe6 with a winning position (and there are also other good moves). 24.hxg3?! may be slightly better for White after 24...£xg3† 25.¤g2 ¤e5! 26.¤xe6 ¤f3† 27.£xf3! £xf3.",2026-03-22T07:58:17.504Z,no
exercise-1118,1118,"Magnus Carlsen – Peter Heine Nielsen, Malmo/Copenhagen 2004",advanced,2r3k1/5pp1/1pq5/p2R2P1/n2BP3/4QP2/1Pr5/1K5R w - - 0 1,g5g6,e3b3,cp,79,engine_suspicious,"[""g6""]","[""g5g6""]",normalized,,csv,"Magnus Carlsen – Peter Heine Nielsen, Malmo/Copenhagen 2004",,certified,,"Opening up for the rook on d5 and queen on e3. 32...fxg6 a) 32...¦xb2† 33.¢a1 ✓ (33.¥xb2?? £c2† 34.¢a1 £xb2 mate) 33...£xg6 34.¦dh5+– (or 34.¦g5+– or a couple of other moves) b) After the game move 32...f6 White can win in many ways, for instance 33.¦dh5 ¢f8 34.¦h8† ¢e7 35.¦xc8 £xc8 36.£a3†+–, picking up a piece to start with. c) 32...£xg6 33.¦g5!+– ✓ and the attack crashes through on g7, while Black’s attack stalled by bringing the queen to g6 (or 33.¥xg7+– also works). 33.¦h8†! ¢xh8 33...¢f7 34.£f4† ✓ with an attack that mates in several ways. 34.£h6† ¢g8 35.£xg7 mate ✓ There was a moment at the beginning when the machines were a positive, but lately we’ve being passing to the other extreme. Now it seems that a move isn’t good unless the machine says so. Of course, analysis can sometimes give more accurate results than intuition but usually it’s just a lot of work. I normally do what my intuition tells me to do. Most of the time spent thinking is just to double-check.",2026-03-22T07:58:17.504Z,no
exercise-1128,1128,"Magnus Carlsen – Wesley So, Internet (blitz 3.32) 2017",advanced,rn2rk2/5pp1/p7/2pb1qN1/7Q/2P5/5PPP/1R3RK1 w - - 0 1,b1e1,h4h8,cp,146,engine_suspicious,"[""Rbe1""]","[""b1e1""]",normalized,,csv,"Magnus Carlsen – Wesley So, Internet (blitz 3.32) 2017",,certified,,"Preparing the queen check on h8 by covering the black king’s escape route. For White, 24.¦be1 is the right square and the right rook, though you need to see a few key lines to understand why. In the game Carlsen tried to do it all with checks: 24.£h8†? ¢e7 25.¦fe1† ¥e6 The position was messy, but had he played 26.£h4!?² then White would still be a touch better. Instead, the “wrong rook” move 24.¦fe1? allows 24...¥e6² when, unlike the main line, White cannot lift the e1-rook, as it would leave its colleague on b1 hanging. 24...¦xe1 24...¥e6 is refuted most simply by 25.¦e3!+– ✓ with the idea ¤xe6† ...fxe6, ¦f3 skewering the queen (also winning, but in messier style, is 25.g4+– with the ideas 25...£xg4† 26.£xg4 ¥xg4 27.¤h7†! and 25...£g6 26.f4! threatening f4-f5). 25.¦xe1 ¥e6 26.£h8†! ✓ Creating an annoying pin on the b8-knight. The second-best 26.f4± secures an advantage, but is too much weaker than the text move to be worthy of any credit. 26...¢e7 27.h4!+– Finding this slow move, defending the knight and creating luft, would be a brilliant achievement for a non- computer. 27.£xg7 is not such a bad move, but Black can fight on after: 27...¢d6! 28.h4± The obvious 27.¤xe6? throws away all White’s advantage after: 27...fxe6 28.£xg7† ¢d6= 27...£d5 Trying to unpin the b8-knight. Unlike the 27.£xg7 line above, 27...¢d6 no longer works for Black: 28.¤xe6 (or the check on d8 first) 28...fxe6 29.£d8† (29.¦d1† is similar) 29...¢c6 30.£c8†+– Black is busted after 30...¢b6 31.¦xe6† or 30...¢d6 31.¦d1† ¢e5 32.£b7 (or many other 32nd moves). 28.£xg7 28.c4+– also works. For example: 28...£d4 29.£h5 £f6 30.¤xe6 fxe6 31.£d5 is decisive. 28...¢d8 Or 28...¢d6 can be killed most swiftly by: 29.¤xe6! (the obvious 29.h5 should win, just not at once) 29...fxe6 30.c4!+– For example: 30...£xc4 31.£g3† ¢e7 32.¦d1 And the attack wins far too much material. 29.h5+– The h-pawn is going all the way. 171, 325 83, 214, 257, 369 16, 20, 202, 352 150, 308 137, 297 57, 193, 239, 342 137, 215, 297, 370 115, 119, 280, 281, 284 13, 40, 41, 42, 43, 45, 81, 91, 92, 93, 94, 95, 96, 97, 98, 99, 100, 101, 102, 103, 104, 105, 106, 107, 110, 111, 200, 201, 229, 230, 231, 256, 264, 265, 266, 267, 268, 269, 270, 271, 272, 273, 274, 277, 278, 282, 349, 350 47, 104, 232, 273 65, 244 118, 283 135, 296 14, 62, 63, 64, 162, 165, 173, 174, 175, 176, 177, 178, 179, 212, 214, 215, 216, 217, 218, 242, 243, 247, 320, 328, 329, 330, 331, 332, 335, 366, 371, 372, 373, 374 61, 241 206, 357 77, 253 70, 248 161, 317 158, 315 194, 343 59, 240 91, 264 103, 272 43, 230 127, 289 177, 330 81, 256, 282 63, 175, 179, 181, 195, 211, 242, 328, 331, 333, 343, 344, 364 105, 273 52, 113, 235, 279 148, 306 180, 332 184, 335 62, 185, 242, 336 33, 224 184, 335 122, 286 167, 207, 322, 359 147, 305 128, 290 80, 256 50, 120, 133, 235, 284, 294 64, 170, 189, 213, 216, 243, 324, 339, 367, 372 32, 224 134, 295 201, 351 198, 347 209, 362 154, 311 39, 45, 228, 231 152, 159, 204, 212, 309, 315, 355, 366 48, 140, 155, 233, 300, 312 54, 237 219, 375 93, 265 55, 237 44, 231 124, 155, 288, 312 38, 227 70, 71, 248, 249 155, 311 23, 33, 72, 75, 76, 77, 86, 199, 225, 249, 250, 252, 253, 260, 347 73, 250 79, 255 82, 257 106, 274 40, 229 185, 190, 336, 340 74, 251 110, 277 35, 44, 45, 89, 93, 101, 103, 106, 111, 112, 199, 226, 231, 232, 262, 265, 271, 272, 274, 277, 279, 348 119, 120, 284, 285 177, 330 129, 291 149, 307 184, 335 202, 352 13, 40, 47, 114, 115, 116, 117, 118, 201, 228, 232, 233, 280, 281, 282, 283, 350, 351 88, 262 114, 280 199, 348 204, 354 135, 145, 296, 303 124, 163, 287, 318 43, 230 151, 308 173, 217, 327, 372 82, 256 54, 237 102, 271 62, 241 130, 292 146, 304 Byrne, D 123, 287 Byrne, R 55, 237 113, 279 13, 24, 36, 37, 38, 39, 40, 82, 83, 84, 85, 86, 87, 88, 89, 90, 91, 199, 200, 226, 227, 228, 257, 258, 259, 260, 261, 262, 263, 264, 348 101, 271 143, 302 13, 14, 63, 67, 68, 126, 174, 179, 182, 190, 191, 192, 193, 194, 195, 196, 217, 220, 221, 242, 245, 246, 327, 331, 333, 340, 341, 342, 343, 344, 345, 373, 376, 377, 378, 379 100, 270 85, 259 36, 227 68, 183, 246, 335 97, 269 171, 324 102, 271 178, 331 209, 362 76, 253 78, 254 159, 315 63, 242 115, 281 183, 335 132, 293 58, 239 34, 73, 225, 250 153, 310 46, 232 154, 311 145, 304 73, 251 80, 255 210, 363 88, 261 153, 310 45, 231 89, 262 99, 102, 109, 269, 271, 276 181, 333 60, 240 64, 211, 243, 365 49, 234 201, 350 22, 46, 112, 232, 278 83, 85, 257, 259 209, 362 147, 305 70, 248 131, 293 71, 248 92, 265 166, 321 146, 208, 305, 360 127, 290 44, 108, 231, 276 158, 315 43, 230 6 187, 338 218, 374 116, 282 183, 335 153, 310 167, 322 147, 305 214, 369 Dominguez Perez 183, 194, 221, 334, 343, 378 186, 337 203, 354 181, 332 97, 268 177, 330 178, 330 97, 268 60, 240 23, 32, 224 53, 236 72, 249 37, 227 71, 249 156, 312 172, 326 185, 336 124, 287 61, 167, 241, 322 199, 348 153, 309 76, 252 34, 225 67, 245 76, 253 Euwe 13, 22, 24, 44, 45, 46, 105, 107, 108, 109, 110, 111, 112, 113, 114, 201, 231, 232, 273, 275, 276, 277, 278, 279, 280, 350 203, 354 34, 225 183, 334 207, 359 170, 324 110, 201, 277, 350 94, 266 200, 348 170, 324 42, 230 13, 25, 54, 55, 56, 122, 129, 147, 148, 152, 153, 154, 155, 156, 209, 210, 237, 238, 286, 291, 306, 309, 310, 311, 312, 313, 362, 363 171, 324 33, 200, 224, 349 101, 111, 271, 278 107, 274 145, 304 136, 296 104, 272 88, 261 146, 304 56, 238, 252 32, 224 68, 176, 245, 329 200, 349 175, 328 41, 229 55, 237 120, 141, 144, 285, 300, 303 62, 241, 325 82, 257 57, 239 33, 224 174, 182, 327, 334 50, 57, 121, 123, 149, 158, 234, 238, 285, 287, 307, 315 Georgiev, K 160, 317 Georgiev, V 190, 340 59, 240 211, 365 54, 237 99, 269 134, 295 63, 195, 221, 242, 343, 378 90, 263 55, 56, 130, 131, 140, 155, 205, 237, 238, 292, 293, 300, 312, 356 214, 369 115, 281 40, 229 95, 267 66, 244 47, 233 64, 243 191, 341 42, 230 32, 224 49, 234 94, 138, 266, 298 71, 249 65, 244 181, 333 172, 326 46, 113, 232, 279 102, 271 44, 231 107, 200, 275, 349 169, 323 90, 263 141, 300 34, 73, 225, 250 Gurevich, D 25, 169, 193, 323, 342 Gurevich, M 58, 239 128, 129, 143, 204, 290, 291, 302, 354 221, 378 93, 200, 265, 349 38, 227 102, 272 150, 308 131, 293 64, 196, 243, 344 21, 32, 70, 224, 248 159, 316 79, 255 35, 226 82, 256 53, 236 134, 294 210, 363 199, 347 98, 99, 269 169, 184, 323, 336 196, 344 136, 178, 296, 331 37, 227 209, 361 103, 272 53, 236 191, 341 133, 294 165, 320 125, 207, 208, 288, 359, 361 204, 355 167, 168, 171, 321, 322, 325 78, 254 191, 341 205, 356 141, 301 85, 258 176, 220, 245, 376 172, 325 127, 289 168, 322 152, 309 187, 337 59, 162, 239, 318 64, 68, 165, 176, 179, 193, 194, 212, 243, 246, 320, 329, 331, 342, 343, 366 51, 52, 206, 208, 235, 236, 357, 360 41, 229 85, 259 194, 343 51, 235 35, 74, 93, 94, 226, 251, 265, 266 186, 337 123, 286 125, 288 182, 334 42, 230 129, 291 103, 272 106, 274 114, 146, 280, 305 105, 273 65, 243 65, 244 86, 260 67, 164, 189, 192, 245, 319, 340, 341 66, 68, 194, 217, 244, 246, 343, 372 13, 56, 57, 58, 59, 69, 118, 149, 156, 157, 158, 159, 160, 161, 162, 163, 210, 211, 238, 239, 240, 283, 307, 313, 314, 315, 316, 317, 318, 363, 364 14, 65, 66, 184, 185, 186, 219, 243, 244, 335, 336, 375 50, 120, 138, 234, 284, 298 13, 19, 59, 60, 61, 124, 159, 163, 164, 165, 166, 167, 197, 205, 211, 212, 213, 214, 240, 288, 315, 318, 319, 320, 321, 356, 365, 366, 367, 368, 369 129, 291 113, 117, 121, 130, 134, 141, 209, 279, 282, 285, 292, 295, 300, 362 185, 336 13, 25, 61, 62, 167, 168, 169, 170, 171, 172, 214, 241, 322, 323, 324, 325, 326, 369 128, 290 219, 375 122, 139, 148, 286, 299, 306 118, 283 49, 234 203, 353 164, 320 84, 258 203, 353 92, 264 84, 258 50, 235 50, 234 53, 57, 133, 146, 152, 156, 157, 211, 236, 238, 294, 304, 309, 313, 314, 365 52, 236 133, 148, 294, 306 175, 328 88, 261 172, 326 138, 298 116, 139, 281, 282, 298 186, 191, 337, 341 119, 284 176, 329 93, 265 112, 153, 278, 310 13, 62, 63, 162, 166, 172, 173, 174, 175, 176, 211, 213, 214, 215, 216, 223, 242, 318, 321, 326, 327, 328, 329, 364, 368, 370, 371 220, 377 131, 293 144, 303 92, 265 92, 264 56, 62, 238, 241 149, 306 97, 268 220, 377 110, 277 146, 304 39, 228 47, 132, 149, 158, 168, 206, 208, 233, 293, 307, 314, 323, 358, 361 13, 35, 36, 74, 75, 76, 77, 78, 79, 80, 81, 82, 198, 199, 225, 226, 251, 252, 253, 254, 255, 256, 346, 347, 348 213, 367 93, 266 124, 144, 287, 302 77, 254 41, 229 161, 173, 181, 189, 193, 215, 317, 326, 333, 339, 342, 370, 371 127, 289 100, 270 39, 120, 228, 285 48, 233 191, 192, 341, 342 47, 91, 116, 201, 232, 263, 281, 351 198, 347 119, 284 186, 337 102, 271 130, 292 51, 160, 164, 168, 173, 177, 235, 316, 319, 322, 326, 330 103, 272 90, 263 58, 63, 239, 242 170, 324 75, 78, 252, 254 98, 269 219, 375 43, 230 107, 274 185, 336 80, 87, 255, 260 41, 229 89, 262 123, 287 116, 281 137, 297 180, 332 91, 264 38, 228 66, 196, 218, 244, 344, 373 92, 264 138, 298 143, 302 89, 109, 262, 276 207, 359 36, 89, 227, 262 72, 249 157, 314 22, 135, 296 86, 260 65, 244 153, 310 49, 137, 169, 234, 297, 323 101, 271 35, 225 218, 373 49, 136, 234, 297 33, 198, 346 186, 337 39, 228 100, 270 96, 268 163, 319 98, 269 37, 83, 227, 257 39, 228 167, 322 57, 158, 239, 314 140, 299 23, 33, 224 202, 352 178, 331 100, 199, 270, 348 201, 350 160, 316 160, 175, 189, 192, 217, 316, 328, 339, 342, 373 84, 258 81, 256 156, 313 67, 162, 174, 245, 318, 328 121, 163, 285, 319 195, 343 156, 312 187, 337 22, 51, 235 138, 298 219, 375 80, 220, 256, 376, 377 216, 371 188, 191, 216, 338, 341, 371 101, 271 185, 336 38, 77, 79, 85, 95, 128, 204, 227, 228, 253, 255, 259, 267, 291, 355 22, 72, 250 126, 145, 288, 303 105, 273 126, 136, 289, 296 107, 108, 275 161, 317 76, 253 128, 290 47, 139, 232, 299 117, 283 199, 348 137, 297 114, 280 156, 313 114, 120, 280, 285 127, 290 94, 114, 266, 280 60, 240 142, 301 56, 238 89, 262 13, 22, 47, 50, 51, 137, 138, 139, 140, 141, 142, 143, 144, 204, 205, 206, 207, 208, 233, 234, 235, 297, 298, 299, 300, 301, 302, 355, 356, 357, 358, 359, 360 40, 229 105, 273 170, 324 37, 227 19, 173, 213, 326, 368 75, 77, 252, 253 139, 299 135, 296 119, 284 84, 258 Polgar, J 160, 161, 162, 178, 187, 196, 216, 316, 317, 318, 331, 338, 344, 372 Polgar, S 126, 289 50, 234 142, 144, 206, 301, 302, 357 36, 226 218, 374 14, 63, 64, 65, 167, 180, 181, 182, 183, 184, 218, 219, 242, 243, 321, 332, 333, 334, 335, 374 172, 325 126, 289 86, 259 53, 56, 60, 118, 132, 150, 151, 236, 238, 240, 283, 293, 307, 308 99, 270 152, 309 81, 256 61, 241 83, 257 52, 235 78, 254 136, 143, 157, 296, 302, 314 95, 114, 266, 280 68, 179, 180, 195, 215, 216, 221, 246, 331, 332, 344, 370, 371, 377 115, 116, 118, 281, 282, 283 37, 227 49, 234 61, 241 24, 37, 227 45, 231 91, 264 139, 299 82, 257 119, 284 96, 268 75, 252 90, 263 62, 242 54, 55, 104, 154, 237, 238, 273, 311 142, 301 95, 267 86, 107, 260, 275 34, 225 24, 53, 136, 158, 236, 296, 314 55, 237 43, 230 134, 295 187, 338 105, 273 72, 250 48, 122, 154, 205, 233, 286, 311, 356 41, 229 80, 255 65, 243 42, 230 76, 252 148, 306 173, 327 143, 302 127, 290 99, 270 78, 254 58, 161, 212, 239, 317, 366 43, 230 111, 278 96, 268 149, 307 56, 238 171, 325 181, 333 109, 276 142, 301 210, 364 44, 108, 231, 276 74, 251 131, 293 125, 205, 288, 355 214, 370 201, 350 36, 226 87, 261 99, 270 170, 324 159, 165, 169, 316, 320, 323 169, 324 135, 296 133, 294 48, 233 154, 311 87, 88, 261 59, 61, 162, 164, 188, 189, 216, 239, 240, 318, 319, 338, 339, 371 145, 304 48, 233 52, 236 58, 143, 164, 178, 213, 219, 239, 302, 319, 320, 330, 367, 374 35, 225 6 64, 242 62, 241 192, 341 138, 298 126, 212, 289, 366 Smith, A 6, 9, 29 Smith, K 81, 256 13, 16, 17, 20, 47, 117, 118, 119, 120, 121, 122, 123, 124, 125, 126, 127, 201, 202, 233, 282, 283, 284, 285, 286, 287, 288, 289, 351, 352 221, 379 209, 362 67, 168, 245, 323 139, 299 109, 276 61, 125, 241, 288 90, 263 110, 277 13, 18, 24, 51, 52, 53, 54, 124, 135, 142, 144, 145, 146, 147, 148, 149, 150, 151, 152, 153, 205, 206, 207, 208, 209, 235, 236, 287, 295, 301, 303, 304, 305, 306, 307, 308, 309, 310, 356, 357, 358, 360, 361, 362 160, 316 84, 100, 108, 258, 270, 275 125, 151, 288, 308 121, 140, 285, 299 87, 260 134, 295 67, 245 123, 141, 142, 202, 287, 300, 301, 351 97, 104, 268, 273 13, 21, 22, 23, 32, 33, 34, 35, 70, 71, 72, 73, 74, 75, 198, 224, 225, 248, 249, 250, 251, 252, 346, 347 98, 269 78, 254 211, 364 220, 377 202, 351 70, 248 108, 276 106, 274 132, 294 190, 340 194, 343 174, 175, 183, 215, 217, 221, 327, 329, 334, 371, 373, 377 121, 140, 285, 299 202, 353 161, 317 25, 57, 140, 144, 147, 156, 210, 238, 300, 303, 305, 313, 363 13, 22, 31, 48, 49, 62, 63, 118, 122, 123, 127, 128, 129, 130, 131, 132, 133, 134, 135, 136, 137, 162, 173, 174, 175, 176, 202, 203, 204, 205, 214, 215, 216, 233, 234, 282, 283, 286, 287, 289, 290, 291, 292, 293, 294, 295, 296, 297, 352, 353, 354, 355, 356 79, 254 80, 96, 97, 255, 267, 268 92, 104, 265, 273 84, 258 200, 349 128, 290 186, 336 36, 90, 112, 226, 263, 279 38, 73, 227, 250 5, 6, 29, 305 Timman 66, 126, 150, 151, 165, 166, 188, 210, 245, 289, 307, 308, 320, 321, 338, 363 88, 261 180, 332 182, 333 68, 245 141, 300 195, 344 14, 66, 67, 172, 174, 176, 186, 187, 188, 189, 190, 218, 219, 220, 245, 326, 327, 329, 337, 338, 339, 340, 374, 376 150, 308 182, 333 48, 122, 131, 155, 233, 286, 292, 312 41, 94, 229, 266 83, 258 60, 132, 240, 294 111, 278 177, 214, 219, 330, 369, 376 168, 322 171, 325 121, 129, 154, 285, 291, 311 218, 374 188, 339 39, 42, 228, 230 182, 184, 188, 189, 214, 334, 335, 339, 369 112, 279 157, 314 34, 45 111, 278 46, 232 58, 177, 179, 187, 188, 215, 217, 239, 330, 331, 338, 370, 373 42, 230 137, 297 132, 293 94, 266 40, 228 184, 335 40, 229 14 38, 109, 227, 276 213, 368 180, 332 173, 327 66, 244 198, 346 24, 108, 275 75, 252 133, 294 52, 236 81, 256 208, 360 130, 292 60, 163, 240, 319 74, 251 80, 255 71, 248 155, 312 190, 340 98, 269 36, 226 107, 275 212, 365 106, 274 85, 259 179, 332 148, 206, 306, 358 25 44, 231 192, 342 32, 224 210, 364 71, 248 104, 273 35, 226 98, 269 196, 344 96, 267 87, 261 87, 260 79, 255 113, 279, 280 41, 95, 96, 100, 109, 229, 267, 270, 276 115, 281 163, 319 15, 151, 193, 308, 342 145, 303 91, 264 18, 208, 361 91, 264 147, 305 73, 198, 250, 346 144, 303 Any man in the street knows how to increase his physical strength, but among most chess players confusion reigns when it comes to improving their playing strength. Axel Smith’s training methods have guided his friends, teammates and pupils to grandmaster norms and titles. Hard work will be required, but Axel Smith knows how you can Every area of chess is covered – opening preparation, through middlegame play, to endgame technique. Smith delves into both the technical and psychological sides of chess, and shows how best to practise and improve. Using his methods on himself, in the space of ten years Axel Smith improved from a rating of 2093 to becoming a Grandmaster. Grandmaster norm, he decided he needed a change in his White opening repertoire. Instead of his usual approach of memorizing many concrete moves to try to force an advantage, he would focus on pawn structures and typical plans. The result was a repertoire based on a set-up with the moves d4, ¤f3, c4 and e3. It helped Axel Smith to the GM title, and led to the creation of e3 Poison. move orders, and Smith explains their pros and cons. The reader will not have to memorize many moves, but hard work is still essential to understand the themes, so many exercises are provided to test the reader. Smith shows that a practical repertoire can also be a grandmaster repertoire – it is all about understanding the positional themes and plans.",2026-03-22T07:58:17.504Z,no
